nav_date,fund_code,cash_open,cash_close
2026-08-26,ALPHA_EQ,4791000.0,5164243.48
2026-08-27,ALPHA_EQ,5164243.48,18656679.41
2026-08-28,ALPHA_EQ,18656679.41,18893774.11
2026-08-31,ALPHA_EQ,18893774.11,8678909.37
2026-09-01,ALPHA_EQ,8678909.37,9191650.02
2026-09-02,ALPHA_EQ,9191650.02,2554190.74
2026-09-03,ALPHA_EQ,2554190.74,1423808.07
2026-09-04,ALPHA_EQ,1423808.07,-6361785.9
2026-09-07,ALPHA_EQ,-6361785.9,7909710.64
2026-09-08,ALPHA_EQ,7909710.64,5931188.32
2026-09-09,ALPHA_EQ,5931188.32,7638983.24
2026-09-10,ALPHA_EQ,7638983.24,7479443.22
2026-09-11,ALPHA_EQ,7479443.22,10771245.92
2026-09-14,ALPHA_EQ,10771245.92,9779959.09
2026-09-15,ALPHA_EQ,9779959.09,-15890304.04
2026-09-16,ALPHA_EQ,-15890304.04,-12233414.54
2026-09-17,ALPHA_EQ,-12233414.54,-13008121.97
2026-09-18,ALPHA_EQ,-13008121.97,-3943961.11
2026-09-21,ALPHA_EQ,-3943961.11,-1286090.53
2026-09-22,ALPHA_EQ,-1286090.53,-4663898.91
2026-09-23,ALPHA_EQ,-4663898.91,-29651.11
2026-09-24,ALPHA_EQ,-29651.11,473203.21
2026-09-25,ALPHA_EQ,473203.21,1920890.1
2026-09-28,ALPHA_EQ,1920890.1,10039473.06
2026-09-29,ALPHA_EQ,10039473.06,23474477.75
2026-09-30,ALPHA_EQ,23474477.75,14765543.18
2026-10-01,ALPHA_EQ,14765543.18,7931518.98
2026-10-02,ALPHA_EQ,7931518.98,3873982.62
2026-10-05,ALPHA_EQ,3873982.62,1491756.99
2026-10-06,ALPHA_EQ,1491756.99,-4015829.86
2026-08-26,BETA_DEBT,9953980.0,10171666.45
2026-08-27,BETA_DEBT,10171666.45,10372698.56
2026-08-28,BETA_DEBT,10372698.56,10370749.04
2026-08-31,BETA_DEBT,10370749.04,5459032.44
2026-09-01,BETA_DEBT,5459032.44,5657278.06
2026-09-02,BETA_DEBT,5657278.06,6510101.29
2026-09-03,BETA_DEBT,6510101.29,5812398.15
2026-09-04,BETA_DEBT,5812398.15,5304658.63
2026-09-07,BETA_DEBT,5304658.63,5883788.01
2026-09-08,BETA_DEBT,5883788.01,6091328.42
2026-09-09,BETA_DEBT,6091328.42,6450998.22
2026-09-10,BETA_DEBT,6450998.22,6366646.69
2026-09-11,BETA_DEBT,6366646.69,6346198.91
2026-09-14,BETA_DEBT,6346198.91,10037558.58
2026-09-15,BETA_DEBT,10037558.58,7894516.1
2026-09-16,BETA_DEBT,7894516.1,8894831.29
2026-09-17,BETA_DEBT,8894831.29,8513988.01
2026-09-18,BETA_DEBT,8513988.01,8154561.23
2026-09-21,BETA_DEBT,8154561.23,8038027.75
2026-09-22,BETA_DEBT,8038027.75,8499053.45
2026-09-23,BETA_DEBT,8499053.45,8628525.24
2026-09-24,BETA_DEBT,8628525.24,10758885.83
2026-09-25,BETA_DEBT,10758885.83,10308476.61
2026-09-28,BETA_DEBT,10308476.61,10274929.42
2026-09-29,BETA_DEBT,10274929.42,10347014.89
2026-09-30,BETA_DEBT,10347014.89,3180412.39
2026-10-01,BETA_DEBT,3180412.39,3409611.5
2026-10-02,BETA_DEBT,3409611.5,7102210.33
2026-10-05,BETA_DEBT,7102210.33,8371428.64
2026-10-06,BETA_DEBT,8371428.64,7459343.4
2026-08-26,GAMMA_BAL,7677250.0,14251008.15
2026-08-27,GAMMA_BAL,14251008.15,14798728.09
2026-08-28,GAMMA_BAL,14798728.09,17305892.45
2026-08-31,GAMMA_BAL,17305892.45,16187936.49
2026-09-01,GAMMA_BAL,16187936.49,20618736.37
2026-09-02,GAMMA_BAL,20618736.37,18856364.62
2026-09-03,GAMMA_BAL,18856364.62,22226297.96
2026-09-04,GAMMA_BAL,22226297.96,20195415.59
2026-09-07,GAMMA_BAL,20195415.59,15484761.45
2026-09-08,GAMMA_BAL,15484761.45,14434372.1
2026-09-09,GAMMA_BAL,14434372.1,12801284.48
2026-09-10,GAMMA_BAL,12801284.48,11409677.21
2026-09-11,GAMMA_BAL,11409677.21,14236153.64
2026-09-14,GAMMA_BAL,14236153.64,13014640.64
2026-09-15,GAMMA_BAL,13014640.64,11494048.9
2026-09-16,GAMMA_BAL,11494048.9,12115155.21
2026-09-17,GAMMA_BAL,12115155.21,15365393.29
2026-09-18,GAMMA_BAL,15365393.29,12172536.97
2026-09-21,GAMMA_BAL,12172536.97,21902034.48
2026-09-22,GAMMA_BAL,21902034.48,8878751.81
2026-09-23,GAMMA_BAL,8878751.81,10022378.77
2026-09-24,GAMMA_BAL,10022378.77,2790022.43
2026-09-25,GAMMA_BAL,2790022.43,11794443.23
2026-09-28,GAMMA_BAL,11794443.23,12748154.29
2026-09-29,GAMMA_BAL,12748154.29,14532587.18
2026-09-30,GAMMA_BAL,14532587.18,17585139.05
2026-10-01,GAMMA_BAL,17585139.05,19672676.91
2026-10-02,GAMMA_BAL,19672676.91,12782095.83
2026-10-05,GAMMA_BAL,12782095.83,12083257.5
2026-10-06,GAMMA_BAL,12083257.5,11778222.82
