stmt_date,fund_code,symbol,custodian_qty,custodian_price,source_file
2026-10-05,ALPHA_EQ,HDFCBANK,650,1707.0177,CUSTODIAN_DUMP_20261005.csv
2026-10-05,ALPHA_EQ,ICICIBANK,19600,1339.5522,CUSTODIAN_DUMP_20261005.csv
2026-10-05,ALPHA_EQ,INFY,13900,1942.6906,CUSTODIAN_DUMP_20261005.csv
2026-10-05,ALPHA_EQ,ITC,10700,474.2041,CUSTODIAN_DUMP_20261005.csv
2026-10-05,ALPHA_EQ,RELIANCE,2100,1547.948,CUSTODIAN_DUMP_20261005.csv
2026-10-05,ALPHA_EQ,TCS,9000,3834.4002,CUSTODIAN_DUMP_20261005.csv
2026-10-05,BETA_DEBT,CP-TATA,198400,100.5236,CUSTODIAN_DUMP_20261005.csv
2026-10-05,BETA_DEBT,GOI7.26-36,577200,103.1117,CUSTODIAN_DUMP_20261005.csv
2026-10-05,BETA_DEBT,GOI8.2-33,451200,109.1682,CUSTODIAN_DUMP_20261005.csv
2026-10-05,BETA_DEBT,SDL-MH-32,286000,104.0976,CUSTODIAN_DUMP_20261005.csv
2026-10-05,GAMMA_BAL,GOI7.26-36,370900,103.1117,CUSTODIAN_DUMP_20261005.csv
2026-10-05,GAMMA_BAL,HDFCBANK,11500,1707.0177,CUSTODIAN_DUMP_20261005.csv
2026-10-05,GAMMA_BAL,INFY,3900,1942.6906,CUSTODIAN_DUMP_20261005.csv
2026-10-05,GAMMA_BAL,LT,2200,2304.7428,CUSTODIAN_DUMP_20261005.csv
2026-10-05,GAMMA_BAL,MARUTI,19700,1741.6242,CUSTODIAN_DUMP_20261005.csv
2026-10-05,GAMMA_BAL,SDL-MH-32,212900,104.0976,CUSTODIAN_DUMP_20261005.csv
