nav_date,fund_code,symbol,qty,close_price,market_value
2026-08-26,ALPHA_EQ,HDFCBANK,15200,1626.9184,24729159.68
2026-08-26,ALPHA_EQ,ICICIBANK,15800,1227.8049,19399317.42
2026-08-26,ALPHA_EQ,INFY,9700,1567.7463,15207139.11
2026-08-26,ALPHA_EQ,TCS,4200,3609.527,15160013.4
2026-08-26,ALPHA_EQ,RELIANCE,7400,1401.3482,10369976.68
2026-08-26,ALPHA_EQ,ITC,20800,478.0398,9943227.84
2026-08-27,ALPHA_EQ,HDFCBANK,15800,1635.4289,25839776.62
2026-08-27,ALPHA_EQ,ICICIBANK,15800,1225.9283,19369667.14
2026-08-27,ALPHA_EQ,INFY,9700,1579.119,15317454.3
2026-08-27,ALPHA_EQ,TCS,200,3641.9314,728386.28
2026-08-27,ALPHA_EQ,RELIANCE,7400,1415.3069,10473271.06
2026-08-27,ALPHA_EQ,ITC,20800,472.4664,9827301.12
2026-08-28,ALPHA_EQ,HDFCBANK,16800,1656.1007,27822491.76
2026-08-28,ALPHA_EQ,ICICIBANK,15800,1203.2985,19012116.3
2026-08-28,ALPHA_EQ,INFY,9700,1616.5228,15680271.16
2026-08-28,ALPHA_EQ,TCS,200,3649.5649,729912.98
2026-08-28,ALPHA_EQ,RELIANCE,7400,1418.7103,10498456.22
2026-08-28,ALPHA_EQ,ITC,16800,473.5998,7956476.64
2026-08-31,ALPHA_EQ,HDFCBANK,19800,1647.0608,32611803.84
2026-08-31,ALPHA_EQ,ICICIBANK,15800,1204.1736,19025942.88
2026-08-31,ALPHA_EQ,INFY,9700,1609.1218,15608481.46
2026-08-31,ALPHA_EQ,TCS,200,3616.6249,723324.98
2026-08-31,ALPHA_EQ,RELIANCE,9900,1452.848,14383195.2
2026-08-31,ALPHA_EQ,ITC,16800,474.9083,7978459.44
2026-09-01,ALPHA_EQ,HDFCBANK,20300,1621.9468,32925520.04
2026-09-01,ALPHA_EQ,ICICIBANK,15800,1192.8287,18846693.46
2026-09-01,ALPHA_EQ,INFY,9700,1622.7456,15740632.32
2026-09-01,ALPHA_EQ,TCS,200,3614.6988,722939.76
2026-09-01,ALPHA_EQ,RELIANCE,9900,1452.0845,14375636.55
2026-09-01,ALPHA_EQ,ITC,14400,485.602,6992668.8
2026-09-02,ALPHA_EQ,HDFCBANK,20300,1621.8068,32922678.04
2026-09-02,ALPHA_EQ,ICICIBANK,15800,1196.9804,18912290.32
2026-09-02,ALPHA_EQ,INFY,12700,1635.421,20769846.7
2026-09-02,ALPHA_EQ,TCS,600,3632.1016,2179260.96
2026-09-02,ALPHA_EQ,RELIANCE,9900,1493.6437,14787072.63
2026-09-02,ALPHA_EQ,ITC,14400,487.1381,7014788.64
2026-09-03,ALPHA_EQ,HDFCBANK,20700,1632.245,33787471.5
2026-09-03,ALPHA_EQ,ICICIBANK,15800,1249.1735,19736941.3
2026-09-03,ALPHA_EQ,INFY,9700,1643.0447,15937533.59
2026-09-03,ALPHA_EQ,TCS,2000,3679.2238,7358447.6
2026-09-03,ALPHA_EQ,RELIANCE,9900,1479.342,14645485.8
2026-09-03,ALPHA_EQ,ITC,14400,483.6898,6965133.12
2026-09-04,ALPHA_EQ,HDFCBANK,20700,1654.8976,34256380.32
2026-09-04,ALPHA_EQ,ICICIBANK,15100,1249.2586,18863804.86
2026-09-04,ALPHA_EQ,INFY,9700,1648.9897,15995200.09
2026-09-04,ALPHA_EQ,TCS,4000,3710.5042,14842016.8
2026-09-04,ALPHA_EQ,RELIANCE,9900,1469.8413,14551428.87
2026-09-04,ALPHA_EQ,ITC,17400,472.2039,8216347.86
2026-09-07,ALPHA_EQ,HDFCBANK,20700,1631.9103,33780543.21
2026-09-07,ALPHA_EQ,ICICIBANK,15100,1263.8127,19083571.77
2026-09-07,ALPHA_EQ,INFY,6700,1654.3485,11084134.95
2026-09-07,ALPHA_EQ,TCS,1500,3715.5307,5573296.05
2026-09-07,ALPHA_EQ,RELIANCE,9900,1486.7637,14718960.63
2026-09-07,ALPHA_EQ,ITC,17400,479.1896,8337899.04
2026-09-08,ALPHA_EQ,HDFCBANK,20700,1607.7345,33280104.15
2026-09-08,ALPHA_EQ,ICICIBANK,15100,1242.9557,18768631.07
2026-09-08,ALPHA_EQ,INFY,6700,1641.6471,10999035.57
2026-09-08,ALPHA_EQ,TCS,1500,3773.5031,5660254.65
2026-09-08,ALPHA_EQ,RELIANCE,11300,1519.5697,17171137.61
2026-09-08,ALPHA_EQ,ITC,17400,480.4326,8359527.24
2026-09-09,ALPHA_EQ,HDFCBANK,19700,1622.4793,31962842.21
2026-09-09,ALPHA_EQ,ICICIBANK,15100,1239.1713,18711486.63
2026-09-09,ALPHA_EQ,INFY,6700,1619.4807,10850520.69
2026-09-09,ALPHA_EQ,TCS,1500,3744.5683,5616852.45
2026-09-09,ALPHA_EQ,RELIANCE,11300,1535.5386,17351586.18
2026-09-09,ALPHA_EQ,ITC,17000,473.0373,8041634.1
2026-09-10,ALPHA_EQ,HDFCBANK,19700,1632.8454,32167054.38
2026-09-10,ALPHA_EQ,ICICIBANK,15100,1250.7109,18885734.59
2026-09-10,ALPHA_EQ,INFY,6900,1611.6253,11120214.57
2026-09-10,ALPHA_EQ,TCS,1500,3779.8491,5669773.65
2026-09-10,ALPHA_EQ,RELIANCE,11300,1543.56,17442228.0
2026-09-10,ALPHA_EQ,ITC,16200,474.2217,7682391.54
2026-09-11,ALPHA_EQ,HDFCBANK,17700,1664.0416,29453536.32
2026-09-11,ALPHA_EQ,ICICIBANK,15100,1250.0796,18876201.96
2026-09-11,ALPHA_EQ,INFY,6900,1626.0839,11219978.91
2026-09-11,ALPHA_EQ,TCS,1500,3828.7378,5743106.7
2026-09-11,ALPHA_EQ,RELIANCE,11300,1502.4636,16977838.68
2026-09-11,ALPHA_EQ,ITC,16200,466.9254,7564191.48
2026-09-14,ALPHA_EQ,HDFCBANK,17700,1684.8246,29821395.42
2026-09-14,ALPHA_EQ,ICICIBANK,15100,1256.9705,18980254.55
2026-09-14,ALPHA_EQ,INFY,7500,1661.6246,12462184.5
2026-09-14,ALPHA_EQ,TCS,1500,3819.1194,5728679.1
2026-09-14,ALPHA_EQ,RELIANCE,11300,1487.4497,16808181.61
2026-09-14,ALPHA_EQ,ITC,16200,483.5031,7832750.22
2026-09-15,ALPHA_EQ,HDFCBANK,17700,1683.9462,29805847.74
2026-09-15,ALPHA_EQ,ICICIBANK,15100,1259.5388,19019035.88
2026-09-15,ALPHA_EQ,INFY,7500,1685.5176,12641382.0
2026-09-15,ALPHA_EQ,TCS,7500,3746.5683,28099262.25
2026-09-15,ALPHA_EQ,RELIANCE,12800,1474.8666,18878292.48
2026-09-15,ALPHA_EQ,ITC,16200,489.2516,7925875.92
2026-09-16,ALPHA_EQ,HDFCBANK,17700,1679.5834,29728626.18
2026-09-16,ALPHA_EQ,ICICIBANK,15100,1243.9461,18783586.11
2026-09-16,ALPHA_EQ,INFY,7500,1711.5513,12836634.75
2026-09-16,ALPHA_EQ,TCS,7500,3711.8403,27838802.25
2026-09-16,ALPHA_EQ,RELIANCE,10300,1464.0939,15080167.17
2026-09-16,ALPHA_EQ,ITC,16200,492.3949,7976797.38
2026-09-17,ALPHA_EQ,HDFCBANK,17700,1732.5681,30666455.37
2026-09-17,ALPHA_EQ,ICICIBANK,15200,1253.9333,19059786.16
2026-09-17,ALPHA_EQ,INFY,7400,1731.3747,12812172.78
2026-09-17,ALPHA_EQ,TCS,7500,3724.1162,27930871.5
2026-09-17,ALPHA_EQ,RELIANCE,10300,1477.9978,15223377.34
2026-09-17,ALPHA_EQ,ITC,18200,491.8774,8952168.68
2026-09-18,ALPHA_EQ,HDFCBANK,17700,1727.7764,30581642.28
2026-09-18,ALPHA_EQ,ICICIBANK,15200,1241.5741,18871926.32
2026-09-18,ALPHA_EQ,INFY,4700,1749.5173,8222731.31
2026-09-18,ALPHA_EQ,TCS,7500,3748.3461,28112595.75
2026-09-18,ALPHA_EQ,RELIANCE,10300,1471.6014,15157494.42
2026-09-18,ALPHA_EQ,ITC,10200,481.6969,4913308.38
2026-09-21,ALPHA_EQ,HDFCBANK,16100,1712.7116,27574656.76
2026-09-21,ALPHA_EQ,ICICIBANK,15200,1272.6542,19344343.84
2026-09-21,ALPHA_EQ,INFY,4700,1755.2328,8249594.16
2026-09-21,ALPHA_EQ,TCS,7500,3814.8056,28611042.0
2026-09-21,ALPHA_EQ,RELIANCE,10300,1490.0187,15347192.61
2026-09-21,ALPHA_EQ,ITC,10200,481.4252,4910537.04
2026-09-22,ALPHA_EQ,HDFCBANK,16100,1690.5146,27217285.06
2026-09-22,ALPHA_EQ,ICICIBANK,15200,1265.1867,19230837.84
2026-09-22,ALPHA_EQ,INFY,4700,1775.4202,8344474.94
2026-09-22,ALPHA_EQ,TCS,9000,3775.338,33978042.0
2026-09-22,ALPHA_EQ,RELIANCE,8800,1492.9018,13137535.84
2026-09-22,ALPHA_EQ,ITC,10200,474.2781,4837636.62
2026-09-23,ALPHA_EQ,HDFCBANK,8100,1693.6345,13718439.45
2026-09-23,ALPHA_EQ,ICICIBANK,15200,1277.3568,19415823.36
2026-09-23,ALPHA_EQ,INFY,4700,1820.7494,8557522.18
2026-09-23,ALPHA_EQ,TCS,9000,3778.0657,34002591.3
2026-09-23,ALPHA_EQ,RELIANCE,14800,1486.4941,22000112.68
2026-09-23,ALPHA_EQ,ITC,10200,477.4378,4869865.56
2026-09-24,ALPHA_EQ,HDFCBANK,7700,1697.7734,13072855.18
2026-09-24,ALPHA_EQ,ICICIBANK,15200,1278.2899,19430006.48
2026-09-24,ALPHA_EQ,INFY,4700,1813.6725,8524260.75
2026-09-24,ALPHA_EQ,TCS,9000,3807.6738,34269064.2
2026-09-24,ALPHA_EQ,RELIANCE,14800,1490.1692,22054504.16
2026-09-24,ALPHA_EQ,ITC,10200,467.5602,4769114.04
2026-09-25,ALPHA_EQ,HDFCBANK,7700,1691.9358,13027905.66
2026-09-25,ALPHA_EQ,ICICIBANK,15200,1295.012,19684182.4
2026-09-25,ALPHA_EQ,INFY,4700,1797.3254,8447429.38
2026-09-25,ALPHA_EQ,TCS,9000,3803.7341,34233606.9
2026-09-25,ALPHA_EQ,RELIANCE,14800,1500.7961,22211782.28
2026-09-25,ALPHA_EQ,ITC,7700,463.6433,3570053.41
2026-09-28,ALPHA_EQ,HDFCBANK,7700,1691.8581,13027307.37
2026-09-28,ALPHA_EQ,ICICIBANK,14800,1285.7812,19029561.76
2026-09-28,ALPHA_EQ,INFY,4700,1847.9043,8685150.21
2026-09-28,ALPHA_EQ,TCS,9000,3707.2458,33365212.2
2026-09-28,ALPHA_EQ,RELIANCE,9800,1521.1649,14907416.02
2026-09-28,ALPHA_EQ,ITC,7700,469.6223,3616091.71
2026-09-29,ALPHA_EQ,HDFCBANK,700,1698.5868,1189010.76
2026-09-29,ALPHA_EQ,ICICIBANK,14800,1303.3775,19289987.0
2026-09-29,ALPHA_EQ,INFY,4700,1855.5281,8720982.07
2026-09-29,ALPHA_EQ,TCS,9000,3742.7283,33684554.7
2026-09-29,ALPHA_EQ,RELIANCE,9800,1511.3343,14811076.14
2026-09-29,ALPHA_EQ,ITC,4700,477.671,2245053.7
2026-09-30,ALPHA_EQ,HDFCBANK,700,1713.889,1199722.3
2026-09-30,ALPHA_EQ,ICICIBANK,15600,1302.1905,20314171.8
2026-09-30,ALPHA_EQ,INFY,4900,1882.0503,9222046.47
2026-09-30,ALPHA_EQ,TCS,9000,3840.5437,34564893.3
2026-09-30,ALPHA_EQ,RELIANCE,9100,1507.117,13714764.7
2026-09-30,ALPHA_EQ,ITC,4700,472.3631,2220106.57
2026-10-01,ALPHA_EQ,HDFCBANK,600,1737.6463,1042587.78
2026-10-01,ALPHA_EQ,ICICIBANK,19600,1324.4879,25959962.84
2026-10-01,ALPHA_EQ,INFY,5900,1906.3929,11247718.11
2026-10-01,ALPHA_EQ,TCS,9000,3885.6602,34970941.8
2026-10-01,ALPHA_EQ,RELIANCE,9100,1477.3449,13443838.59
2026-10-01,ALPHA_EQ,ITC,4700,465.4479,2187605.13
2026-10-02,ALPHA_EQ,HDFCBANK,600,1743.2376,1045942.56
2026-10-02,ALPHA_EQ,ICICIBANK,19600,1336.1626,26188786.96
2026-10-02,ALPHA_EQ,INFY,13900,1877.4153,26096072.67
2026-10-02,ALPHA_EQ,TCS,9000,3849.1668,34642501.2
2026-10-02,ALPHA_EQ,RELIANCE,2100,1513.92,3179232.0
2026-10-02,ALPHA_EQ,ITC,4700,469.8669,2208374.43
2026-10-05,ALPHA_EQ,HDFCBANK,600,1707.0177,1024210.62
2026-10-05,ALPHA_EQ,ICICIBANK,19600,1339.5522,26255223.12
2026-10-05,ALPHA_EQ,INFY,13900,1942.6906,27003399.34
2026-10-05,ALPHA_EQ,TCS,9000,3834.4002,34509601.8
2026-10-05,ALPHA_EQ,RELIANCE,2100,1547.948,3250690.8
2026-10-05,ALPHA_EQ,ITC,10700,474.2041,5073983.87
2026-10-06,ALPHA_EQ,HDFCBANK,3000,1722.5869,5167760.7
2026-10-06,ALPHA_EQ,ICICIBANK,19600,1326.9019,26007277.24
2026-10-06,ALPHA_EQ,INFY,13900,1992.3485,27693644.15
2026-10-06,ALPHA_EQ,TCS,9000,3846.4404,34617963.6
2026-10-06,ALPHA_EQ,RELIANCE,2100,1544.8792,3244246.32
2026-10-06,ALPHA_EQ,ITC,10700,469.8578,5027478.46
2026-08-26,BETA_DEBT,GOI7.26-36,588200,102.1623,60091864.86
2026-08-26,BETA_DEBT,GOI8.2-33,460800,108.6441,50063201.28
2026-08-26,BETA_DEBT,SDL-MH-32,295600,101.4579,29990955.24
2026-08-26,BETA_DEBT,CP-TATA,202400,99.8117,20201888.08
2026-08-26,BETA_DEBT,NCD-REL,29900,1007.1973,30115199.27
2026-08-27,BETA_DEBT,GOI7.26-36,587600,102.8149,60414035.24
2026-08-27,BETA_DEBT,GOI8.2-33,460800,108.6137,50049192.96
2026-08-27,BETA_DEBT,SDL-MH-32,294800,101.3304,29872201.92
2026-08-27,BETA_DEBT,CP-TATA,203400,99.89,20317626.0
2026-08-27,BETA_DEBT,NCD-REL,29900,1003.6517,30009185.83
2026-08-28,BETA_DEBT,GOI7.26-36,587600,103.6698,60916374.48
2026-08-28,BETA_DEBT,GOI8.2-33,460000,108.6979,50001034.0
2026-08-28,BETA_DEBT,SDL-MH-32,294800,100.936,29755932.8
2026-08-28,BETA_DEBT,CP-TATA,203400,99.7969,20298689.46
2026-08-28,BETA_DEBT,NCD-REL,29900,1004.2894,30028253.06
2026-08-31,BETA_DEBT,GOI7.26-36,587600,103.5776,60862197.76
2026-08-31,BETA_DEBT,GOI8.2-33,460000,109.1034,50187564.0
2026-08-31,BETA_DEBT,SDL-MH-32,294800,100.8476,29729872.48
2026-08-31,BETA_DEBT,CP-TATA,207400,99.7886,20696155.64
2026-08-31,BETA_DEBT,NCD-REL,32900,1002.3904,32978644.16
2026-09-01,BETA_DEBT,GOI7.26-36,587600,103.0551,60555176.76
2026-09-01,BETA_DEBT,GOI8.2-33,460000,108.9844,50132824.0
2026-09-01,BETA_DEBT,SDL-MH-32,294800,101.7407,29993158.36
2026-09-01,BETA_DEBT,CP-TATA,207200,99.7273,20663496.56
2026-09-01,BETA_DEBT,NCD-REL,32900,997.5168,32818302.72
2026-09-02,BETA_DEBT,GOI7.26-36,587600,102.9417,60488542.92
2026-09-02,BETA_DEBT,GOI8.2-33,460000,109.509,50374140.0
2026-09-02,BETA_DEBT,SDL-MH-32,294800,101.506,29923968.8
2026-09-02,BETA_DEBT,CP-TATA,203200,99.8118,20281757.76
2026-09-02,BETA_DEBT,NCD-REL,32500,1001.1162,32536276.5
2026-09-03,BETA_DEBT,GOI7.26-36,587600,102.6639,60325307.64
2026-09-03,BETA_DEBT,GOI8.2-33,459400,109.2653,50196478.82
2026-09-03,BETA_DEBT,SDL-MH-32,294800,101.4628,29911233.44
2026-09-03,BETA_DEBT,CP-TATA,203200,99.7659,20272430.88
2026-09-03,BETA_DEBT,NCD-REL,33000,1003.9018,33128759.4
2026-09-04,BETA_DEBT,GOI7.26-36,587600,103.2871,60691499.96
2026-09-04,BETA_DEBT,GOI8.2-33,459400,108.973,50062196.2
2026-09-04,BETA_DEBT,SDL-MH-32,294000,101.9311,29967743.4
2026-09-04,BETA_DEBT,CP-TATA,203200,99.7671,20272674.72
2026-09-04,BETA_DEBT,NCD-REL,33000,1004.3218,33142619.4
2026-09-07,BETA_DEBT,GOI7.26-36,587600,103.4764,60802732.64
2026-09-07,BETA_DEBT,GOI8.2-33,459400,109.2185,50174978.9
2026-09-07,BETA_DEBT,SDL-MH-32,294000,102.2469,30060588.6
2026-09-07,BETA_DEBT,CP-TATA,203200,99.819,20283220.8
2026-09-07,BETA_DEBT,NCD-REL,32600,1000.7969,32625978.94
2026-09-08,BETA_DEBT,GOI7.26-36,587600,103.2626,60677103.76
2026-09-08,BETA_DEBT,GOI8.2-33,459400,108.8823,50020528.62
2026-09-08,BETA_DEBT,SDL-MH-32,294000,102.5714,30155991.6
2026-09-08,BETA_DEBT,CP-TATA,203900,99.9662,20383108.18
2026-09-08,BETA_DEBT,NCD-REL,32600,992.8874,32368129.24
2026-09-09,BETA_DEBT,GOI7.26-36,587600,103.5649,60854735.24
2026-09-09,BETA_DEBT,GOI8.2-33,459400,108.7744,49970959.36
2026-09-09,BETA_DEBT,SDL-MH-32,290500,102.9374,29903314.7
2026-09-09,BETA_DEBT,CP-TATA,203900,99.899,20369406.1
2026-09-09,BETA_DEBT,NCD-REL,32600,994.9347,32434871.22
2026-09-10,BETA_DEBT,GOI7.26-36,585600,103.7438,60752369.28
2026-09-10,BETA_DEBT,GOI8.2-33,459400,109.0835,50112959.9
2026-09-10,BETA_DEBT,SDL-MH-32,290500,102.1395,29671524.75
2026-09-10,BETA_DEBT,CP-TATA,204900,99.8172,20452544.28
2026-09-10,BETA_DEBT,NCD-REL,32600,994.6651,32426082.26
2026-09-11,BETA_DEBT,GOI7.26-36,585600,103.2504,60463434.24
2026-09-11,BETA_DEBT,GOI8.2-33,459400,109.4927,50300946.38
2026-09-11,BETA_DEBT,SDL-MH-32,290500,101.7987,29572522.35
2026-09-11,BETA_DEBT,CP-TATA,203900,99.9108,20371812.12
2026-09-11,BETA_DEBT,NCD-REL,32600,988.0851,32211574.26
2026-09-14,BETA_DEBT,GOI7.26-36,586600,103.0982,60477404.12
2026-09-14,BETA_DEBT,GOI8.2-33,459400,108.9228,50039134.32
2026-09-14,BETA_DEBT,SDL-MH-32,290500,101.8632,29591259.6
2026-09-14,BETA_DEBT,CP-TATA,203900,99.8122,20351707.58
2026-09-14,BETA_DEBT,NCD-REL,29100,987.966,28749810.6
2026-09-15,BETA_DEBT,GOI7.26-36,586600,103.0366,60441269.56
2026-09-15,BETA_DEBT,GOI8.2-33,459400,109.1012,50121091.28
2026-09-15,BETA_DEBT,SDL-MH-32,291900,102.0787,29796772.53
2026-09-15,BETA_DEBT,CP-TATA,203900,99.8694,20363370.66
2026-09-15,BETA_DEBT,NCD-REL,29100,982.073,28578324.3
2026-09-16,BETA_DEBT,GOI7.26-36,586600,103.0548,60451945.68
2026-09-16,BETA_DEBT,GOI8.2-33,459400,109.7308,50410329.52
2026-09-16,BETA_DEBT,SDL-MH-32,285900,102.6194,29338886.46
2026-09-16,BETA_DEBT,CP-TATA,204200,99.8244,20384142.48
2026-09-16,BETA_DEBT,NCD-REL,29100,982.0863,28578711.33
2026-09-17,BETA_DEBT,GOI7.26-36,586600,103.108,60483152.8
2026-09-17,BETA_DEBT,GOI8.2-33,460800,110.1374,50751313.92
2026-09-17,BETA_DEBT,SDL-MH-32,285900,102.8245,29397524.55
2026-09-17,BETA_DEBT,CP-TATA,204200,99.8258,20384428.36
2026-09-17,BETA_DEBT,NCD-REL,29100,982.766,28598490.6
2026-09-18,BETA_DEBT,GOI7.26-36,584600,103.0155,60222861.3
2026-09-18,BETA_DEBT,GOI8.2-33,460800,110.0713,50720855.04
2026-09-18,BETA_DEBT,SDL-MH-32,285900,102.7388,29373022.92
2026-09-18,BETA_DEBT,CP-TATA,204200,99.6561,20349775.62
2026-09-18,BETA_DEBT,NCD-REL,29500,984.2786,29036218.7
2026-09-21,BETA_DEBT,GOI7.26-36,584600,103.0865,60264367.9
2026-09-21,BETA_DEBT,GOI8.2-33,460800,109.8861,50635514.88
2026-09-21,BETA_DEBT,SDL-MH-32,285900,102.7673,29381171.07
2026-09-21,BETA_DEBT,CP-TATA,200700,99.7391,20017637.37
2026-09-21,BETA_DEBT,NCD-REL,30100,985.2512,29656061.12
2026-09-22,BETA_DEBT,GOI7.26-36,584600,102.9176,60165628.96
2026-09-22,BETA_DEBT,GOI8.2-33,456800,109.8016,50157370.88
2026-09-22,BETA_DEBT,SDL-MH-32,285900,102.6928,29359871.52
2026-09-22,BETA_DEBT,CP-TATA,200700,99.7012,20010030.84
2026-09-22,BETA_DEBT,NCD-REL,29900,986.043,29482685.7
2026-09-23,BETA_DEBT,GOI7.26-36,584600,102.6532,60011060.72
2026-09-23,BETA_DEBT,GOI8.2-33,453800,109.435,49661603.0
2026-09-23,BETA_DEBT,SDL-MH-32,285900,102.8066,29392406.94
2026-09-23,BETA_DEBT,CP-TATA,200700,99.6236,19994456.52
2026-09-23,BETA_DEBT,NCD-REL,29900,981.6655,29351798.45
2026-09-24,BETA_DEBT,GOI7.26-36,584900,103.1323,60322082.27
2026-09-24,BETA_DEBT,GOI8.2-33,453800,109.3613,49628157.94
2026-09-24,BETA_DEBT,SDL-MH-32,285900,103.0962,29475203.58
2026-09-24,BETA_DEBT,CP-TATA,200700,99.8424,20038369.68
2026-09-24,BETA_DEBT,NCD-REL,27700,980.2768,27153667.36
2026-09-25,BETA_DEBT,GOI7.26-36,584900,103.2561,60394492.89
2026-09-25,BETA_DEBT,GOI8.2-33,454300,109.3129,49660850.47
2026-09-25,BETA_DEBT,SDL-MH-32,285100,102.9685,29356319.35
2026-09-25,BETA_DEBT,CP-TATA,200700,99.9255,20055047.85
2026-09-25,BETA_DEBT,NCD-REL,27700,978.3897,27101394.69
2026-09-28,BETA_DEBT,GOI7.26-36,584900,103.4043,60481175.07
2026-09-28,BETA_DEBT,GOI8.2-33,454300,109.2783,49645131.69
2026-09-28,BETA_DEBT,SDL-MH-32,286600,102.6457,29418257.62
2026-09-28,BETA_DEBT,CP-TATA,200700,100.2881,20127821.67
2026-09-28,BETA_DEBT,NCD-REL,27800,977.5848,27176857.44
2026-09-29,BETA_DEBT,GOI7.26-36,584200,102.9219,60126973.98
2026-09-29,BETA_DEBT,GOI8.2-33,453300,109.6791,49717536.03
2026-09-29,BETA_DEBT,SDL-MH-32,286600,102.3071,29321214.86
2026-09-29,BETA_DEBT,CP-TATA,200400,100.341,20108336.4
2026-09-29,BETA_DEBT,NCD-REL,27800,978.7579,27209469.62
2026-09-30,BETA_DEBT,GOI7.26-36,584200,102.883,60104248.6
2026-09-30,BETA_DEBT,GOI8.2-33,453300,109.6165,49689159.45
2026-09-30,BETA_DEBT,SDL-MH-32,286600,102.7683,29453394.78
2026-09-30,BETA_DEBT,CP-TATA,200400,100.3181,20103747.24
2026-09-30,BETA_DEBT,NCD-REL,26600,981.2989,26102550.74
2026-10-01,BETA_DEBT,GOI7.26-36,584200,103.1482,60259178.44
2026-10-01,BETA_DEBT,GOI8.2-33,451200,109.1503,49248615.36
2026-10-01,BETA_DEBT,SDL-MH-32,286600,103.3072,29607843.52
2026-10-01,BETA_DEBT,CP-TATA,200400,100.341,20108336.4
2026-10-01,BETA_DEBT,NCD-REL,26600,987.8344,26276395.04
2026-10-02,BETA_DEBT,GOI7.26-36,584200,102.761,60032976.2
2026-10-02,BETA_DEBT,GOI8.2-33,451200,109.5075,49409784.0
2026-10-02,BETA_DEBT,SDL-MH-32,286600,103.7296,29728903.36
2026-10-02,BETA_DEBT,CP-TATA,198400,100.5143,19942037.12
2026-10-02,BETA_DEBT,NCD-REL,22600,977.8031,22098350.06
2026-10-05,BETA_DEBT,GOI7.26-36,577200,103.1117,59516073.24
2026-10-05,BETA_DEBT,GOI8.2-33,451200,109.1682,49256691.84
2026-10-05,BETA_DEBT,SDL-MH-32,286000,104.0976,29771913.6
2026-10-05,BETA_DEBT,CP-TATA,198400,100.5236,19943882.24
2026-10-05,BETA_DEBT,NCD-REL,22600,979.4889,22136449.14
2026-10-06,BETA_DEBT,GOI7.26-36,577200,103.0036,59453677.92
2026-10-06,BETA_DEBT,GOI8.2-33,451200,109.0349,49196546.88
2026-10-06,BETA_DEBT,SDL-MH-32,286000,104.457,29874702.0
2026-10-06,BETA_DEBT,CP-TATA,198400,100.581,19955270.4
2026-10-06,BETA_DEBT,NCD-REL,21800,978.8293,21338478.74
2026-08-26,GAMMA_BAL,HDFCBANK,18200,1626.9184,29609914.88
2026-08-26,GAMMA_BAL,INFY,10500,1567.7463,16461336.15
2026-08-26,GAMMA_BAL,LT,6200,2439.7003,15126141.86
2026-08-26,GAMMA_BAL,MARUTI,8300,1828.7433,15178569.39
2026-08-26,GAMMA_BAL,GOI7.26-36,367600,102.1623,37554861.48
2026-08-26,GAMMA_BAL,SDL-MH-32,218500,101.4579,22168551.15
2026-08-27,GAMMA_BAL,HDFCBANK,17700,1635.4289,28947091.53
2026-08-27,GAMMA_BAL,INFY,10500,1579.119,16580749.5
2026-08-27,GAMMA_BAL,LT,6200,2415.3975,14975464.5
2026-08-27,GAMMA_BAL,MARUTI,8300,1826.8584,15162924.72
2026-08-27,GAMMA_BAL,GOI7.26-36,367600,102.8149,37794757.24
2026-08-27,GAMMA_BAL,SDL-MH-32,218500,101.3304,22140692.4
2026-08-28,GAMMA_BAL,HDFCBANK,17300,1656.1007,28650542.11
2026-08-28,GAMMA_BAL,INFY,10500,1616.5228,16973489.4
2026-08-28,GAMMA_BAL,LT,6200,2355.236,14602463.2
2026-08-28,GAMMA_BAL,MARUTI,7100,1833.9075,13020743.25
2026-08-28,GAMMA_BAL,GOI7.26-36,367600,103.6698,38109018.48
2026-08-28,GAMMA_BAL,SDL-MH-32,218500,100.936,22054516.0
2026-08-31,GAMMA_BAL,HDFCBANK,16500,1647.0608,27176503.2
2026-08-31,GAMMA_BAL,INFY,10500,1609.1218,16895778.9
2026-08-31,GAMMA_BAL,LT,6200,2379.9206,14755507.72
2026-08-31,GAMMA_BAL,MARUTI,7100,1838.128,13050708.8
2026-08-31,GAMMA_BAL,GOI7.26-36,367600,103.5776,38075125.76
2026-08-31,GAMMA_BAL,SDL-MH-32,218500,100.8476,22035200.6
2026-09-01,GAMMA_BAL,HDFCBANK,16500,1621.9468,26762122.2
2026-09-01,GAMMA_BAL,INFY,10100,1622.7456,16389730.56
2026-09-01,GAMMA_BAL,LT,4600,2360.2867,10857318.82
2026-09-01,GAMMA_BAL,MARUTI,7100,1844.6392,13096938.32
2026-09-01,GAMMA_BAL,GOI7.26-36,367600,103.0551,37883054.76
2026-09-01,GAMMA_BAL,SDL-MH-32,218500,101.7407,22230342.95
2026-09-02,GAMMA_BAL,HDFCBANK,16500,1621.8068,26759812.2
2026-09-02,GAMMA_BAL,INFY,10300,1635.421,16844836.3
2026-09-02,GAMMA_BAL,LT,4600,2402.1646,11049957.16
2026-09-02,GAMMA_BAL,MARUTI,7900,1840.5424,14540284.96
2026-09-02,GAMMA_BAL,GOI7.26-36,367600,102.9417,37841368.92
2026-09-02,GAMMA_BAL,SDL-MH-32,218500,101.506,22179061.0
2026-09-03,GAMMA_BAL,HDFCBANK,16500,1632.245,26932042.5
2026-09-03,GAMMA_BAL,INFY,10300,1643.0447,16923360.41
2026-09-03,GAMMA_BAL,LT,3400,2414.3879,8208918.86
2026-09-03,GAMMA_BAL,MARUTI,7600,1833.2197,13932469.72
2026-09-03,GAMMA_BAL,GOI7.26-36,367600,102.6639,37739249.64
2026-09-03,GAMMA_BAL,SDL-MH-32,218500,101.4628,22169621.8
2026-09-04,GAMMA_BAL,HDFCBANK,18000,1654.8976,29788156.8
2026-09-04,GAMMA_BAL,INFY,10300,1648.9897,16984593.91
2026-09-04,GAMMA_BAL,LT,3400,2447.675,8322095.0
2026-09-04,GAMMA_BAL,MARUTI,7600,1802.253,13697122.8
2026-09-04,GAMMA_BAL,GOI7.26-36,364600,103.2871,37658476.66
2026-09-04,GAMMA_BAL,SDL-MH-32,218500,101.9311,22271945.35
2026-09-07,GAMMA_BAL,HDFCBANK,19500,1631.9103,31822250.85
2026-09-07,GAMMA_BAL,INFY,10300,1654.3485,17039789.55
2026-09-07,GAMMA_BAL,LT,4200,2473.6885,10389491.7
2026-09-07,GAMMA_BAL,MARUTI,7700,1787.3201,13762364.77
2026-09-07,GAMMA_BAL,GOI7.26-36,364600,103.4764,37727495.44
2026-09-07,GAMMA_BAL,SDL-MH-32,218500,102.2469,22340947.65
2026-09-08,GAMMA_BAL,HDFCBANK,19500,1607.7345,31350822.75
2026-09-08,GAMMA_BAL,INFY,11300,1641.6471,18550612.23
2026-09-08,GAMMA_BAL,LT,4200,2408.5133,10115755.86
2026-09-08,GAMMA_BAL,MARUTI,7700,1829.8682,14089985.14
2026-09-08,GAMMA_BAL,GOI7.26-36,362600,103.2626,37443018.76
2026-09-08,GAMMA_BAL,SDL-MH-32,218500,102.5714,22411850.9
2026-09-09,GAMMA_BAL,HDFCBANK,19500,1622.4793,31638346.35
2026-09-09,GAMMA_BAL,INFY,12100,1619.4807,19595716.47
2026-09-09,GAMMA_BAL,LT,4200,2432.7188,10217418.96
2026-09-09,GAMMA_BAL,MARUTI,7700,1844.8948,14205689.96
2026-09-09,GAMMA_BAL,GOI7.26-36,362600,103.5649,37552632.74
2026-09-09,GAMMA_BAL,SDL-MH-32,218500,102.9374,22491821.9
2026-09-10,GAMMA_BAL,HDFCBANK,19500,1632.8454,31840485.3
2026-09-10,GAMMA_BAL,INFY,12100,1611.6253,19500666.13
2026-09-10,GAMMA_BAL,LT,4200,2413.1341,10135163.22
2026-09-10,GAMMA_BAL,MARUTI,8700,1847.8587,16076370.69
2026-09-10,GAMMA_BAL,GOI7.26-36,358000,103.7438,37140280.4
2026-09-10,GAMMA_BAL,SDL-MH-32,218500,102.1395,22317480.75
2026-09-11,GAMMA_BAL,HDFCBANK,19500,1664.0416,32448811.2
2026-09-11,GAMMA_BAL,INFY,10100,1626.0839,16423447.39
2026-09-11,GAMMA_BAL,LT,4200,2391.1036,10042635.12
2026-09-11,GAMMA_BAL,MARUTI,8700,1843.5947,16039273.89
2026-09-11,GAMMA_BAL,GOI7.26-36,363000,103.2504,37479895.2
2026-09-11,GAMMA_BAL,SDL-MH-32,218500,101.7987,22243015.95
2026-09-14,GAMMA_BAL,HDFCBANK,19500,1684.8246,32854079.7
2026-09-14,GAMMA_BAL,INFY,10100,1661.6246,16782408.46
2026-09-14,GAMMA_BAL,LT,4200,2379.2523,9992859.66
2026-09-14,GAMMA_BAL,MARUTI,8700,1846.5024,16064570.88
2026-09-14,GAMMA_BAL,GOI7.26-36,370000,103.0982,38146334.0
2026-09-14,GAMMA_BAL,SDL-MH-32,221300,101.8632,22542326.16
2026-09-15,GAMMA_BAL,HDFCBANK,19500,1683.9462,32836950.9
2026-09-15,GAMMA_BAL,INFY,10100,1685.5176,17023727.76
2026-09-15,GAMMA_BAL,LT,4200,2404.6771,10099643.82
2026-09-15,GAMMA_BAL,MARUTI,8700,1856.9294,16155285.78
2026-09-15,GAMMA_BAL,GOI7.26-36,370200,103.0366,38144149.32
2026-09-15,GAMMA_BAL,SDL-MH-32,221300,102.0787,22590016.31
2026-09-16,GAMMA_BAL,HDFCBANK,19500,1679.5834,32751876.3
2026-09-16,GAMMA_BAL,INFY,10100,1711.5513,17286668.13
2026-09-16,GAMMA_BAL,LT,4200,2434.0072,10222830.24
2026-09-16,GAMMA_BAL,MARUTI,8700,1841.4372,16020503.64
2026-09-16,GAMMA_BAL,GOI7.26-36,370200,103.0548,38150886.96
2026-09-16,GAMMA_BAL,SDL-MH-32,217300,102.6194,22299195.62
2026-09-17,GAMMA_BAL,HDFCBANK,19500,1732.5681,33785077.95
2026-09-17,GAMMA_BAL,INFY,8100,1731.3747,14024135.07
2026-09-17,GAMMA_BAL,LT,4500,2467.7097,11104693.65
2026-09-17,GAMMA_BAL,MARUTI,8700,1847.7881,16075756.47
2026-09-17,GAMMA_BAL,GOI7.26-36,370200,103.108,38170581.6
2026-09-17,GAMMA_BAL,SDL-MH-32,216700,102.8245,22282069.15
2026-09-18,GAMMA_BAL,HDFCBANK,19500,1727.7764,33691639.8
2026-09-18,GAMMA_BAL,INFY,9100,1749.5173,15920607.43
2026-09-18,GAMMA_BAL,LT,4500,2416.1937,10872871.65
2026-09-18,GAMMA_BAL,MARUTI,9300,1855.2905,17254201.65
2026-09-18,GAMMA_BAL,GOI7.26-36,370200,103.0155,38136338.1
2026-09-18,GAMMA_BAL,SDL-MH-32,216700,102.7388,22263497.96
2026-09-21,GAMMA_BAL,HDFCBANK,19500,1712.7116,33397876.2
2026-09-21,GAMMA_BAL,INFY,6100,1755.2328,10706920.08
2026-09-21,GAMMA_BAL,LT,2500,2399.3349,5998337.25
2026-09-21,GAMMA_BAL,MARUTI,9300,1837.145,17085448.5
2026-09-21,GAMMA_BAL,GOI7.26-36,370200,103.0865,38162622.3
2026-09-21,GAMMA_BAL,SDL-MH-32,216700,102.7673,22269673.91
2026-09-22,GAMMA_BAL,HDFCBANK,19500,1690.5146,32965034.7
2026-09-22,GAMMA_BAL,INFY,6100,1775.4202,10830063.22
2026-09-22,GAMMA_BAL,LT,2500,2326.9214,5817303.5
2026-09-22,GAMMA_BAL,MARUTI,16300,1818.138,29635649.4
2026-09-22,GAMMA_BAL,GOI7.26-36,371700,102.9176,38254471.92
2026-09-22,GAMMA_BAL,SDL-MH-32,216700,102.6928,22253529.76
2026-09-23,GAMMA_BAL,HDFCBANK,19500,1693.6345,33025872.75
2026-09-23,GAMMA_BAL,INFY,6100,1820.7494,11106571.34
2026-09-23,GAMMA_BAL,LT,2500,2325.4645,5813661.25
2026-09-23,GAMMA_BAL,MARUTI,15700,1793.9825,28165525.25
2026-09-23,GAMMA_BAL,GOI7.26-36,371700,102.6532,38156194.44
2026-09-23,GAMMA_BAL,SDL-MH-32,216700,102.8066,22278190.22
2026-09-24,GAMMA_BAL,HDFCBANK,19500,1697.7734,33106581.3
2026-09-24,GAMMA_BAL,INFY,6100,1813.6725,11063402.25
2026-09-24,GAMMA_BAL,LT,2500,2345.2349,5863087.25
2026-09-24,GAMMA_BAL,MARUTI,19700,1768.5317,34840074.49
2026-09-24,GAMMA_BAL,GOI7.26-36,371700,103.1323,38334275.91
2026-09-24,GAMMA_BAL,SDL-MH-32,216700,103.0962,22340946.54
2026-09-25,GAMMA_BAL,HDFCBANK,19500,1691.9358,32992748.1
2026-09-25,GAMMA_BAL,INFY,4100,1797.3254,7369034.14
2026-09-25,GAMMA_BAL,LT,2500,2323.5838,5808959.5
2026-09-25,GAMMA_BAL,MARUTI,16700,1791.8026,29923103.42
2026-09-25,GAMMA_BAL,GOI7.26-36,371700,103.2561,38380292.37
2026-09-25,GAMMA_BAL,SDL-MH-32,216700,102.9685,22313273.95
2026-09-28,GAMMA_BAL,HDFCBANK,19500,1691.8581,32991232.95
2026-09-28,GAMMA_BAL,INFY,4100,1847.9043,7576407.63
2026-09-28,GAMMA_BAL,LT,2200,2332.6047,5131730.34
2026-09-28,GAMMA_BAL,MARUTI,16700,1733.8518,28955325.06
2026-09-28,GAMMA_BAL,GOI7.26-36,370700,103.4043,38331974.01
2026-09-28,GAMMA_BAL,SDL-MH-32,216700,102.6457,22243323.19
2026-09-29,GAMMA_BAL,HDFCBANK,19500,1698.5868,33122442.6
2026-09-29,GAMMA_BAL,INFY,3300,1855.5281,6123242.73
2026-09-29,GAMMA_BAL,LT,2200,2341.253,5150756.6
2026-09-29,GAMMA_BAL,MARUTI,16700,1728.5898,28867449.66
2026-09-29,GAMMA_BAL,GOI7.26-36,370700,102.9219,38153148.33
2026-09-29,GAMMA_BAL,SDL-MH-32,216700,102.3071,22169948.57
2026-09-30,GAMMA_BAL,HDFCBANK,11500,1713.889,19709723.5
2026-09-30,GAMMA_BAL,INFY,3300,1882.0503,6210765.99
2026-09-30,GAMMA_BAL,LT,2200,2373.56,5221832.0
2026-09-30,GAMMA_BAL,MARUTI,16700,1715.0105,28640675.35
2026-09-30,GAMMA_BAL,GOI7.26-36,370700,102.883,38138728.1
2026-09-30,GAMMA_BAL,SDL-MH-32,216700,102.7683,22269890.61
2026-10-01,GAMMA_BAL,HDFCBANK,11500,1737.6463,19982932.45
2026-10-01,GAMMA_BAL,INFY,2900,1906.3929,5528539.41
2026-10-01,GAMMA_BAL,LT,1700,2349.8762,3994789.54
2026-10-01,GAMMA_BAL,MARUTI,16700,1701.3291,28412195.97
2026-10-01,GAMMA_BAL,GOI7.26-36,370700,103.1482,38237037.74
2026-10-01,GAMMA_BAL,SDL-MH-32,216700,103.3072,22386670.24
2026-10-02,GAMMA_BAL,HDFCBANK,11500,1743.2376,20047232.4
2026-10-02,GAMMA_BAL,INFY,3900,1877.4153,7321919.67
2026-10-02,GAMMA_BAL,LT,1700,2326.1964,3954533.88
2026-10-02,GAMMA_BAL,MARUTI,19700,1704.8447,33585440.59
2026-10-02,GAMMA_BAL,GOI7.26-36,370700,102.761,38093502.7
2026-10-02,GAMMA_BAL,SDL-MH-32,215900,103.7296,22395220.64
2026-10-05,GAMMA_BAL,HDFCBANK,11500,1707.0177,19630703.55
2026-10-05,GAMMA_BAL,INFY,3900,1942.6906,7576493.34
2026-10-05,GAMMA_BAL,LT,2200,2304.7428,5070434.16
2026-10-05,GAMMA_BAL,MARUTI,19700,1732.9594,34139300.18
2026-10-05,GAMMA_BAL,GOI7.26-36,370900,103.1117,38244129.53
2026-10-05,GAMMA_BAL,SDL-MH-32,212900,104.0976,22162379.04
2026-10-06,GAMMA_BAL,HDFCBANK,11500,1722.5869,19809749.35
2026-10-06,GAMMA_BAL,INFY,3300,1992.3485,6574750.05
2026-10-06,GAMMA_BAL,LT,2200,2358.8666,5189506.52
2026-10-06,GAMMA_BAL,MARUTI,19700,1736.0266,34199724.02
2026-10-06,GAMMA_BAL,GOI7.26-36,371900,103.0036,38307038.84
2026-10-06,GAMMA_BAL,SDL-MH-32,212900,104.457,22238895.3
