nav_date,fund_code,fund_name,category,units_open,sub_units,red_units,units_close,cash_open,trade_cash,dividend_cash,fee_accrual,fee_paid,cash_close,holdings_value,total_assets,accrued_liab,net_assets,nav,daily_return_pct
2026-08-26,ALPHA_EQ,Alpha Equity Fund,Equity,10000000.0,24899.383,12114.1231,10012785.2599,4791000.0,245390.88,0,410958.9041,0.0,5164243.48,94808834.13,99845225.01,410958.9041,99434266.11,9.943427,-0.565734
2026-08-27,ALPHA_EQ,Alpha Equity Fund,Equity,10012785.2599,0,10047.9424,10002737.3175,5164243.48,13592710.72,0,409156.4194,0.0,18656679.41,81555856.52,100312810.72,820115.3236,99492695.4,9.936565,-0.069003
2026-08-28,ALPHA_EQ,Alpha Equity Fund,Equity,10002737.3175,0,0,10002737.3175,18656679.41,237094.7,0,408463.7809,0.0,18893774.11,81699725.06,100593499.17,1228579.1045,99364920.07,9.933773,-0.028104
2026-08-31,ALPHA_EQ,Alpha Equity Fund,Equity,10002737.3175,0,0,10002737.3175,18893774.11,-8577936.65,0,408348.9866,1636928.09,8678909.37,90331207.8,99010117.17,0.0,99010117.17,9.898302,-0.357071
2026-09-01,ALPHA_EQ,Alpha Equity Fund,Equity,10002737.3175,15934.6371,0,10018671.9546,8678909.37,355022.22,0,406890.8925,0.0,9191650.02,89604090.93,98638022.52,406890.8925,98231131.63,9.820425,-0.786774
2026-09-02,ALPHA_EQ,Alpha Equity Fund,Equity,10018671.9546,0,27810.5043,9990861.4503,9191650.02,-6361273.92,0,404332.6707,0.0,2554190.74,96585937.29,99416313.39,811223.5632,98605089.83,9.842132,0.221037
2026-09-03,ALPHA_EQ,Alpha Equity Fund,Equity,9990861.4503,0,27152.0603,9963709.39,2554190.74,-862974.94,0,404101.5418,0.0,1423808.07,98431012.91,100122228.71,1215325.105,98906903.6,9.899737,0.585295
2026-09-04,ALPHA_EQ,Alpha Equity Fund,Equity,9963709.39,17966.6166,0,9981676.0066,1423808.07,-7962401.88,0,405362.0767,0.0,-6361785.9,106725178.8,100186584.99,1620687.1817,98565897.81,9.89249,-0.073205
2026-09-07,ALPHA_EQ,Alpha Equity Fund,Equity,9981676.0066,32556.0701,28866.4405,9985365.6362,-6361785.9,14234896.35,0,405795.7495,0.0,7909710.64,92578405.65,100451516.1,2026482.9313,98425033.17,9.860572,-0.322653
2026-09-08,ALPHA_EQ,Alpha Equity Fund,Equity,9985365.6362,35992.7504,20683.5023,10000674.8843,7909710.64,-2129564.5,0,404635.9522,0.0,5931188.32,94238690.29,100018836.43,2431118.8834,97587717.55,9.773074,-0.88735
2026-09-09,ALPHA_EQ,Alpha Equity Fund,Equity,10000674.8843,3944.2437,14546.9173,9990072.2107,5931188.32,1812171.36,0,401660.2848,0.0,7638983.24,92534922.26,100278281.94,2832779.1682,97445502.77,9.743893,-0.298589
2026-09-10,ALPHA_EQ,Alpha Equity Fund,Equity,9990072.2107,0,22085.6419,9967986.5688,7638983.24,56645.8,0,400036.4032,0.0,7479443.22,92967396.73,100663025.77,3232815.5714,97430210.2,9.752703,0.090422
2026-09-11,ALPHA_EQ,Alpha Equity Fund,Equity,9967986.5688,8132.5789,11453.8061,9964665.3416,7479443.22,3324138.2,0,399512.9403,0.0,10771245.92,89834854.05,100638435.47,3632328.5118,97006106.96,9.731765,-0.214688
2026-09-14,ALPHA_EQ,Alpha Equity Fund,Equity,9964665.3416,561.3929,0,9965226.7345,10771245.92,-996746.88,0,398522.4064,0.0,9779959.09,91633445.4,101407944.44,4030850.9182,97377093.52,9.772239,0.415894
2026-09-15,ALPHA_EQ,Alpha Equity Fund,Equity,9965226.7345,4494.013,0,9969720.7475,9779959.09,-24714389.1,-1000000.0,400202.3819,0.0,-15890304.04,116369696.27,100435266.26,4431053.3,96004212.96,9.633922,-1.415414
2026-09-16,ALPHA_EQ,Alpha Equity Fund,Equity,9969720.7475,0,0,9969720.7475,-15890304.04,3656889.5,0,394715.786,0.0,-12233414.54,112244613.84,100011199.3,4825769.086,95185430.21,9.547452,-0.897553
2026-09-17,ALPHA_EQ,Alpha Equity Fund,Equity,9969720.7475,16313.2814,0,9986034.0289,-12233414.54,-934819.34,0,391173.0009,0.0,-13008121.97,114644831.83,101476597.95,5216942.0869,96259655.86,9.655201,1.128561
2026-09-18,ALPHA_EQ,Alpha Equity Fund,Equity,9986034.0289,49019.9958,0,10035054.0247,-13008121.97,8582024.42,0,396234.92,0.0,-3943961.11,105859698.46,101433600.91,5613177.0069,95820423.9,9.595443,-0.618915
2026-09-21,ALPHA_EQ,Alpha Equity Fund,Equity,10035054.0247,15376.1647,23724.1569,10026706.0325,-3943961.11,2739509.44,0,395715.5856,0.0,-1286090.53,104037366.41,102832914.74,6008892.5925,96824022.15,9.64858,0.55377
2026-09-22,ALPHA_EQ,Alpha Equity Fund,Equity,10026706.0325,33014.0076,27935.8875,10031784.1526,-1286090.53,-3427782.9,0,397575.9283,0.0,-4663898.91,106745812.3,102031938.87,6406468.5208,95625470.35,9.537077,-1.155639
2026-09-23,ALPHA_EQ,Alpha Equity Fund,Equity,10031784.1526,0,0,10031784.1526,-4663898.91,4634247.8,0,393180.4141,0.0,-29651.11,102564354.53,102534703.42,6799648.9349,95735054.48,9.543173,0.063919
2026-09-24,ALPHA_EQ,Alpha Equity Fund,Equity,10031784.1526,0,17808.875,10013975.2776,-29651.11,679639.36,0,393431.7308,0.0,473203.21,102119804.81,102769793.06,7193080.6657,95576712.39,9.527389,-0.165396
2026-09-25,ALPHA_EQ,Alpha Equity Fund,Equity,10013975.2776,44593.109,14934.6402,10043633.7464,473203.21,1157996.55,0,392083.7273,0.0,1920890.1,101174960.03,102806159.79,7585164.393,95220995.4,9.508811,-0.195001
2026-09-28,ALPHA_EQ,Alpha Equity Fund,Equity,10043633.7464,0,0,10043633.7464,1920890.1,8118582.96,0,392478.1322,0.0,10039473.06,92630739.27,102670212.33,7977642.5251,94692569.8,9.428119,-0.848604
2026-09-29,ALPHA_EQ,Alpha Equity Fund,Equity,10043633.7464,9839.5698,0,10053473.3162,10039473.06,13339132.7,0,389147.5471,0.0,23474477.75,79940664.37,103319270.13,8366790.0723,94952480.06,9.453997,0.274478
2026-09-30,ALPHA_EQ,Alpha Equity Fund,Equity,10053473.3162,42601.6727,0,10096074.9889,23474477.75,-366673.91,0,390597.9588,8757388.03,14765543.18,81235705.14,95586120.95,0.0,95586120.95,9.507771,0.568799
2026-10-01,ALPHA_EQ,Alpha Equity Fund,Equity,10096074.9889,40740.0582,20529.6349,10116285.4122,14765543.18,-7033257.34,0,394484.2516,0.0,7931518.98,88852654.25,96584940.09,394484.2516,96190455.84,9.52751,0.207611
2026-10-02,ALPHA_EQ,Alpha Equity Fund,Equity,10116285.4122,49940.2722,11700.547,10154525.1374,7931518.98,-4430465.5,0,396094.5651,0.0,3873982.62,93360909.82,96861963.3,790578.8167,96071384.48,9.496706,-0.323321
2026-10-05,ALPHA_EQ,Alpha Equity Fund,Equity,10154525.1374,47588.2207,0,10202113.3581,3873982.62,-2849247.6,0,396306.3119,0.0,1491756.99,97117109.55,98141844.57,1186885.1286,96954959.44,9.547956,0.539665
2026-10-06,ALPHA_EQ,Alpha Equity Fund,Equity,10202113.3581,44455.1124,23280.9358,10223287.5347,1491756.99,-4128083.7,0,400312.3137,1587197.44,-4015829.86,101758370.47,97534846.32,0.0,97534846.32,9.560259,0.128855
2026-08-26,BETA_DEBT,Beta Debt Fund,Debt,20000000.0,41722.145,0,20041722.145,9953980.0,-199535.0,0,410958.9041,0.0,10171666.45,190463108.73,200217553.73,410958.9041,199806594.83,9.99033,-0.096703
2026-08-27,BETA_DEBT,Beta Debt Fund,Debt,20041722.145,15737.0641,0,20057459.2091,10171666.45,42977.78,0,411417.9715,0.0,10372698.56,190662241.95,200876886.18,822376.8756,200054509.3,9.981902,-0.084358
2026-08-28,BETA_DEBT,Beta Debt Fund,Debt,20057459.2091,20612.8054,29467.3746,20048604.6399,10372698.56,86993.12,0,411393.6886,0.0,10370749.04,191000283.8,201459975.48,1233770.5643,200226204.92,9.982631,0.007297
2026-08-31,BETA_DEBT,Beta Debt Fund,Debt,20048604.6399,14374.4967,0,20062979.1366,10370749.04,-3411635.7,0,411242.0816,1645012.65,5459032.44,194454434.04,199768534.73,0.0,199768534.73,9.964211,-0.184512
2026-09-01,BETA_DEBT,Beta Debt Fund,Debt,20062979.1366,43955.7023,26182.7568,20080752.0821,5459032.44,19989.02,0,410777.5998,0.0,5657278.06,194162958.4,199641979.86,410777.5998,199231202.26,9.93029,-0.340432
2026-09-02,BETA_DEBT,Beta Debt Fund,Debt,20080752.0821,28974.4822,23700.7055,20086025.8588,5657278.06,800662.68,0,409741.8345,0.0,6510101.29,193604685.98,200062626.72,820519.4343,199242107.29,9.922044,-0.083039
2026-09-03,BETA_DEBT,Beta Debt Fund,Debt,20086025.8588,28317.95,54632.3226,20059711.4862,6510101.29,-435961.16,0,409509.1108,0.0,5812398.15,193834210.18,199908350.31,1230028.5451,198678321.77,9.89137,-0.309147
2026-09-04,BETA_DEBT,Beta Debt Fund,Debt,20059711.4862,701.5519,59857.8995,20000555.1386,5812398.15,81608.08,0,407708.2943,0.0,5304658.63,194136733.68,200030739.91,1637736.8394,198393003.07,9.890122,-0.012617
2026-09-07,BETA_DEBT,Beta Debt Fund,Debt,20000555.1386,17794.5931,0,20018349.7317,5304658.63,400185.8,0,406454.6703,0.0,5883788.01,193947499.88,199652344.31,2044191.5097,197608152.8,9.880133,-0.101
2026-09-08,BETA_DEBT,Beta Debt Fund,Debt,20018349.7317,27458.8446,0,20045808.5763,5883788.01,-69983.55,0,406405.4091,0.0,6091328.42,193604861.4,199418665.86,2450596.9188,196968068.95,9.839376,-0.412519
2026-09-09,BETA_DEBT,Beta Debt Fund,Debt,20045808.5763,0,0,20045808.5763,6091328.42,359669.8,0,405284.0689,0.0,6450998.22,193533286.62,199984284.84,2855880.9877,197128403.86,9.833896,-0.055691
2026-09-10,BETA_DEBT,Beta Debt Fund,Debt,20045808.5763,0,18792.4163,20027016.16,6450998.22,107723.5,0,405058.3641,0.0,6366646.69,193415480.47,199974202.19,3260939.3518,196713262.84,9.813187,-0.210594
2026-09-11,BETA_DEBT,Beta Debt Fund,Debt,20027016.16,13672.4675,25500.4103,20015188.2172,6366646.69,99936.4,0,403826.4028,0.0,6346198.91,192920289.35,199386872.44,3664765.7546,195722106.69,9.772904,-0.410496
2026-09-14,BETA_DEBT,Beta Debt Fund,Debt,20015188.2172,43382.947,10551.4233,20048019.7409,6346198.91,3355499.05,0,401931.1918,0.0,10037558.58,189209316.22,198911014.18,4066696.9463,194844317.24,9.734823,-0.389658
2026-09-15,BETA_DEBT,Beta Debt Fund,Debt,20048019.7409,0,0,20048019.7409,10037558.58,-143042.48,-2000000.0,401021.7664,0.0,7894516.1,189300828.33,197195344.43,4467718.7127,192727625.72,9.6133,-1.248336
2026-09-16,BETA_DEBT,Beta Debt Fund,Debt,20048019.7409,41070.1977,0,20089089.9386,7894516.1,585623.7,0,396015.6693,0.0,8894831.29,189164015.47,197644155.27,4863734.382,192780420.89,9.615933,0.027394
2026-09-17,BETA_DEBT,Beta Debt Fund,Debt,20089089.9386,0,22524.5694,20066565.3692,8894831.29,-153906.48,0,396935.649,0.0,8513988.01,189614910.23,198355835.04,5260670.031,193095165.01,9.611942,-0.041508
2026-09-18,BETA_DEBT,Beta Debt Fund,Debt,20066565.3692,0,17039.0907,20049526.2785,8513988.01,-187074.36,0,396326.014,0.0,8154561.23,189702733.58,198029647.23,5656996.0451,192372651.19,9.586725,-0.262346
2026-09-21,BETA_DEBT,Beta Debt Fund,Debt,20049526.2785,40171.0963,27702.5282,20061994.8466,8154561.23,-242651.32,0,394950.6208,0.0,8038027.75,189954752.34,197866662.25,6051946.6658,191814715.59,9.567045,-0.20529
2026-09-22,BETA_DEBT,Beta Debt Fund,Debt,20061994.8466,29734.7135,47081.6511,20044647.909,8038027.75,635534.64,0,394384.9375,0.0,8499053.45,189175587.9,197849150.29,6446331.6034,191402818.69,9.540568,-0.276754
2026-09-23,BETA_DEBT,Beta Debt Fund,Debt,20044647.909,9113.3362,28639.9614,20025121.2838,8499053.45,328224.8,0,392953.3953,0.0,8628525.24,188411325.63,197238603.88,6839284.9987,190399318.89,9.498761,-0.438199
2026-09-24,BETA_DEBT,Beta Debt Fund,Debt,20025121.2838,947.0865,0,20026068.3703,8628525.24,2120687.13,0,390850.3565,0.0,10758885.83,186617480.83,197366693.2,7230135.3551,190136557.85,9.494902,-0.040629
2026-09-25,BETA_DEBT,Beta Debt Fund,Debt,20026068.3703,1478.677,47706.6767,19979840.3706,10758885.83,27946.88,0,390710.0349,0.0,10308476.61,186568105.25,197354937.96,7620845.3901,189734092.57,9.474356,-0.216391
2026-09-28,BETA_DEBT,Beta Debt Fund,Debt,19979840.3706,21174.2138,0,20001014.5844,10308476.61,-251450.71,0,388964.6138,0.0,10274929.42,186849243.49,196906269.39,8009810.0039,188896459.39,9.454353,-0.211126
2026-09-29,BETA_DEBT,Beta Debt Fund,Debt,20001014.5844,0,13497.4924,19987517.092,10274929.42,211588.1,0,388554.7559,0.0,10347014.89,186483530.89,196970048.41,8398364.7598,188571683.65,9.428106,-0.277617
2026-09-30,BETA_DEBT,Beta Debt Fund,Debt,19987517.092,42621.1074,0,20030138.1994,10347014.89,1177651.8,0,387214.5778,8785579.34,3180412.39,185453100.81,188192188.17,0.0,188192188.17,9.415486,-0.133854
2026-10-01,BETA_DEBT,Beta Debt Fund,Debt,20030138.1994,0,0,20030138.1994,3180412.39,229199.11,0,387520.8629,0.0,3409611.5,185500368.76,188909980.26,387520.8629,188522459.39,9.41194,-0.037662
2026-10-02,BETA_DEBT,Beta Debt Fund,Debt,20030138.1994,0,40813.5373,19989324.6621,3409611.5,4118382.8,0,387374.9166,0.0,7102210.33,181212050.74,188740045.04,774895.7795,187965149.26,9.384116,-0.29562
2026-10-05,BETA_DEBT,Beta Debt Fund,Debt,19989324.6621,46467.6193,0,20035792.2814,7102210.33,784389.8,0,385442.7745,0.0,8371428.64,180625010.06,188511610.19,1160338.554,187351271.63,9.372566,-0.123081
2026-10-06,BETA_DEBT,Beta Debt Fund,Debt,20035792.2814,20915.5453,35075.5706,20021632.2561,8371428.64,783673.92,0,385863.2722,1546201.83,7459343.4,179818675.94,187427576.67,0.0,187427576.67,9.354638,-0.191289
2026-08-26,GAMMA_BAL,Gamma Balanced Fund,Hybrid,15000000.0,26646.531,29751.1956,14996895.3354,7677250.0,6604804.8,0,513698.6301,0.0,14251008.15,136099374.91,150381429.71,513698.6301,149867731.08,9.991182,-0.088179
2026-08-27,GAMMA_BAL,Gamma Balanced Fund,Hybrid,14996895.3354,8075.2557,35174.7246,14969795.8665,14251008.15,816876.9,0,513139.424,0.0,14798728.09,135601679.89,150669564.94,1026838.0541,149642726.89,9.978247,-0.129464
2026-08-28,GAMMA_BAL,Gamma Balanced Fund,Hybrid,14969795.8665,0,35731.8416,14934064.0249,14798728.09,2864664.92,0,511549.0469,0.0,17305892.45,133410772.44,151074165.45,1538387.101,149535778.35,9.989166,0.109429
2026-08-31,GAMMA_BAL,Gamma Balanced Fund,Hybrid,14934064.0249,0,39008.1373,14895055.8876,17305892.45,1319749.04,0,510886.4625,2049273.56,16187936.49,131988824.98,148565192.91,0.0,148565192.91,9.948075,-0.411355
2026-09-01,GAMMA_BAL,Gamma Balanced Fund,Hybrid,14895055.8876,0,0,14895055.8876,16187936.49,4430799.88,0,507455.9487,0.0,20618736.37,127219507.61,147838243.98,507455.9487,147330788.03,9.891254,-0.571174
2026-09-02,GAMMA_BAL,Gamma Balanced Fund,Hybrid,14895055.8876,3719.406,0,14898775.2936,20618736.37,-1799459.36,0,504557.4932,0.0,18856364.62,129215320.54,148034597.55,1012013.4419,147022584.1,9.870563,-0.209192
2026-09-03,GAMMA_BAL,Gamma Balanced Fund,Hybrid,14898775.2936,0,8038.4062,14890736.8874,18856364.62,3448893.42,0,503627.7285,0.0,22226297.96,125905662.93,148210920.97,1515641.1705,146695279.8,9.84613,-0.247531
2026-09-04,GAMMA_BAL,Gamma Balanced Fund,Hybrid,14890736.8874,14616.6738,0,14905353.5612,22226297.96,-2174294.55,0,502110.0432,0.0,20195415.59,128722390.52,148774393.93,2017751.2137,146756642.71,9.855566,0.095835
2026-09-07,GAMMA_BAL,Gamma Balanced Fund,Hybrid,14905353.5612,0,10206.0002,14895147.561,20195415.59,-4611078.51,0,503084.5832,0.0,15484761.45,133082339.96,148666677.04,2520835.7969,146145841.24,9.804923,-0.513855
2026-09-08,GAMMA_BAL,Gamma Balanced Fund,Hybrid,14895147.561,39249.7373,0,14934397.2983,15484761.45,-1436936.9,0,500156.7541,0.0,14434372.1,133962045.64,148009870.19,3020992.551,144988877.64,9.733967,-0.723674
2026-09-09,GAMMA_BAL,Gamma Balanced Fund,Hybrid,14934397.2983,9435.5058,43322.2092,14900510.5949,14434372.1,-1297742.56,0,497845.662,0.0,12801284.48,135701626.38,148838255.92,3518838.2129,145319417.7,9.730518,-0.035437
2026-09-10,GAMMA_BAL,Gamma Balanced Fund,Hybrid,14900510.5949,6301.3105,8668.3649,14898143.5405,12801284.48,-1367898.22,0,496540.0087,0.0,11409677.21,137010446.49,148443832.75,4015378.2216,144428454.52,9.692853,-0.387081
2026-09-11,GAMMA_BAL,Gamma Balanced Fund,Hybrid,14898143.5405,49700.4712,40371.1867,14907472.825,11409677.21,2733749.1,0,494539.4213,0.0,14236153.64,134677078.75,148820505.06,4509917.6429,144310587.41,9.686481,-0.065734
2026-09-14,GAMMA_BAL,Gamma Balanced Fund,Hybrid,14907472.825,0,21683.1488,14885789.6762,14236153.64,-1006732.4,0,494523.8197,0.0,13014640.64,136382578.86,149612000.1,5004441.4626,144607558.63,9.70034,0.143076
2026-09-15,GAMMA_BAL,Gamma Balanced Fund,Hybrid,14885789.6762,0,0,14885789.6762,13014640.64,-20591.74,-1500000.0,494511.0435,0.0,11494048.9,136849773.89,148343822.79,5498952.5062,142844870.28,9.596056,-1.075058
2026-09-16,GAMMA_BAL,Gamma Balanced Fund,Hybrid,14885789.6762,35318.6118,13931.8435,14907176.4445,11494048.9,409802.0,0,489194.7612,0.0,12115155.21,136731960.89,148635811.79,5988147.2674,142647664.52,9.582808,-0.138056
2026-09-17,GAMMA_BAL,Gamma Balanced Fund,Hybrid,14907176.4445,48184.2198,0,14955360.6643,12115155.21,2779428.1,0,489221.2665,0.0,15365393.29,135442313.89,150336897.2,6477368.5339,143859528.66,9.650354,0.704866
2026-09-18,GAMMA_BAL,Gamma Balanced Fund,Hybrid,14955360.6643,920.6476,35109.5864,14921171.7255,15365393.29,-2859373.94,0,494262.0666,0.0,12172536.97,138139156.59,150645175.94,6971630.6004,143673545.34,9.606826,-0.451052
2026-09-21,GAMMA_BAL,Gamma Balanced Fund,Hybrid,14921171.7255,4142.0391,38255.5607,14887058.2039,12172536.97,10061969.1,0,490907.8704,0.0,21902034.48,127620878.24,149855384.31,7462538.4708,142392845.84,9.543007,-0.664308
2026-09-22,GAMMA_BAL,Gamma Balanced Fund,Hybrid,14887058.2039,7337.5696,20488.2436,14873907.5299,21902034.48,-12895642.0,0,486531.8502,0.0,8878751.81,139756052.5,148762444.98,7949070.321,140813374.66,9.458778,-0.882628
2026-09-23,GAMMA_BAL,Gamma Balanced Fund,Hybrid,14873907.5299,6759.425,0,14880666.9549,8878751.81,1077652.2,0,481811.5937,0.0,10022378.77,138546015.25,148502419.26,8430881.9147,140071537.34,9.417266,-0.438874
2026-09-24,GAMMA_BAL,Gamma Balanced Fund,Hybrid,14880666.9549,0,15961.2272,14864705.7277,10022378.77,-7076783.6,0,479915.0433,0.0,2790022.43,145548367.74,148493962.91,8910796.958,139583165.95,9.380169,-0.393924
2026-09-25,GAMMA_BAL,Gamma Balanced Fund,Hybrid,14864705.7277,23409.8843,19998.4613,14868117.1507,2790022.43,8971346.5,0,477511.8046,0.0,11794443.23,136787411.48,148548780.41,9388308.7626,139160471.64,9.361805,-0.195775
2026-09-28,GAMMA_BAL,Gamma Balanced Fund,Hybrid,14868117.1507,15550.2924,0,14883667.4431,11794443.23,803698.03,0,476686.3312,0.0,12748154.29,135229993.18,147828134.44,9864995.0938,137963139.34,9.279126,-0.883144
2026-09-29,GAMMA_BAL,Gamma Balanced Fund,Hybrid,14883667.4431,30928.9181,0,14914596.3612,12748154.29,1485749.28,0,472970.6592,0.0,14532587.18,133586988.49,147820892.06,10337965.753,137482926.3,9.237167,-0.452189
2026-09-30,GAMMA_BAL,Gamma Balanced Fund,Hybrid,14914596.3612,18071.3095,0,14932667.6707,14532587.18,13688251.2,0,471810.349,10809776.1,17585139.05,120191615.55,137602677.82,0.0,137602677.82,9.226041,-0.120451
2026-10-01,GAMMA_BAL,Gamma Balanced Fund,Hybrid,14932667.6707,23923.2453,8105.7787,14948485.1373,17585139.05,1935932.04,0,471813.029,0.0,19672676.91,118542165.35,138063236.44,471813.029,137591423.42,9.214122,-0.129188
2026-10-02,GAMMA_BAL,Gamma Balanced Fund,Hybrid,14948485.1373,34851.5597,32548.9303,14950787.7667,19672676.91,-6912796.78,0,471702.6284,0.0,12782095.83,125397849.88,138157730.01,943515.6574,137214214.36,9.179138,-0.379675
2026-10-05,GAMMA_BAL,Gamma Balanced Fund,Hybrid,14950787.7667,16873.3799,0,14967661.1466,12782095.83,-860274.46,0,469984.0771,0.0,12083257.5,126823439.8,138745261.17,1413499.7345,137331761.44,9.185587,0.070252
2026-10-06,GAMMA_BAL,Gamma Balanced Fund,Hybrid,14967661.1466,50938.5954,0,15018599.742,12083257.5,1090963.74,0,470845.0457,1884344.78,11778222.82,126319664.08,137609540.54,0.0,137609540.54,9.19379,0.089308
