price_date,symbol,security_name,sector,asset_type,close_price
2026-08-26,HDFCBANK,HDFC Bank Ltd,Financials,Equity,1626.9184
2026-08-27,HDFCBANK,HDFC Bank Ltd,Financials,Equity,1635.4289
2026-08-28,HDFCBANK,HDFC Bank Ltd,Financials,Equity,1656.1007
2026-08-31,HDFCBANK,HDFC Bank Ltd,Financials,Equity,1647.0608
2026-09-01,HDFCBANK,HDFC Bank Ltd,Financials,Equity,1621.9468
2026-09-02,HDFCBANK,HDFC Bank Ltd,Financials,Equity,1621.8068
2026-09-03,HDFCBANK,HDFC Bank Ltd,Financials,Equity,1632.245
2026-09-04,HDFCBANK,HDFC Bank Ltd,Financials,Equity,1654.8976
2026-09-07,HDFCBANK,HDFC Bank Ltd,Financials,Equity,1631.9103
2026-09-08,HDFCBANK,HDFC Bank Ltd,Financials,Equity,1607.7345
2026-09-09,HDFCBANK,HDFC Bank Ltd,Financials,Equity,1622.4793
2026-09-10,HDFCBANK,HDFC Bank Ltd,Financials,Equity,1632.8454
2026-09-11,HDFCBANK,HDFC Bank Ltd,Financials,Equity,1664.0416
2026-09-14,HDFCBANK,HDFC Bank Ltd,Financials,Equity,1684.8246
2026-09-15,HDFCBANK,HDFC Bank Ltd,Financials,Equity,1683.9462
2026-09-16,HDFCBANK,HDFC Bank Ltd,Financials,Equity,1679.5834
2026-09-17,HDFCBANK,HDFC Bank Ltd,Financials,Equity,1732.5681
2026-09-18,HDFCBANK,HDFC Bank Ltd,Financials,Equity,1727.7764
2026-09-21,HDFCBANK,HDFC Bank Ltd,Financials,Equity,1712.7116
2026-09-22,HDFCBANK,HDFC Bank Ltd,Financials,Equity,1690.5146
2026-09-23,HDFCBANK,HDFC Bank Ltd,Financials,Equity,1693.6345
2026-09-24,HDFCBANK,HDFC Bank Ltd,Financials,Equity,1697.7734
2026-09-25,HDFCBANK,HDFC Bank Ltd,Financials,Equity,1691.9358
2026-09-28,HDFCBANK,HDFC Bank Ltd,Financials,Equity,1691.8581
2026-09-29,HDFCBANK,HDFC Bank Ltd,Financials,Equity,1698.5868
2026-09-30,HDFCBANK,HDFC Bank Ltd,Financials,Equity,1713.889
2026-10-01,HDFCBANK,HDFC Bank Ltd,Financials,Equity,1737.6463
2026-10-02,HDFCBANK,HDFC Bank Ltd,Financials,Equity,1743.2376
2026-10-05,HDFCBANK,HDFC Bank Ltd,Financials,Equity,1707.0177
2026-10-06,HDFCBANK,HDFC Bank Ltd,Financials,Equity,1722.5869
2026-08-26,ICICIBANK,ICICI Bank Ltd,Financials,Equity,1227.8049
2026-08-27,ICICIBANK,ICICI Bank Ltd,Financials,Equity,1225.9283
2026-08-28,ICICIBANK,ICICI Bank Ltd,Financials,Equity,1203.2985
2026-08-31,ICICIBANK,ICICI Bank Ltd,Financials,Equity,1204.1736
2026-09-01,ICICIBANK,ICICI Bank Ltd,Financials,Equity,1192.8287
2026-09-02,ICICIBANK,ICICI Bank Ltd,Financials,Equity,1196.9804
2026-09-03,ICICIBANK,ICICI Bank Ltd,Financials,Equity,1249.1735
2026-09-04,ICICIBANK,ICICI Bank Ltd,Financials,Equity,1249.2586
2026-09-07,ICICIBANK,ICICI Bank Ltd,Financials,Equity,1263.8127
2026-09-08,ICICIBANK,ICICI Bank Ltd,Financials,Equity,1242.9557
2026-09-09,ICICIBANK,ICICI Bank Ltd,Financials,Equity,1239.1713
2026-09-10,ICICIBANK,ICICI Bank Ltd,Financials,Equity,1250.7109
2026-09-11,ICICIBANK,ICICI Bank Ltd,Financials,Equity,1250.0796
2026-09-14,ICICIBANK,ICICI Bank Ltd,Financials,Equity,1256.9705
2026-09-15,ICICIBANK,ICICI Bank Ltd,Financials,Equity,1259.5388
2026-09-16,ICICIBANK,ICICI Bank Ltd,Financials,Equity,1243.9461
2026-09-17,ICICIBANK,ICICI Bank Ltd,Financials,Equity,1253.9333
2026-09-18,ICICIBANK,ICICI Bank Ltd,Financials,Equity,1241.5741
2026-09-21,ICICIBANK,ICICI Bank Ltd,Financials,Equity,1272.6542
2026-09-22,ICICIBANK,ICICI Bank Ltd,Financials,Equity,1265.1867
2026-09-23,ICICIBANK,ICICI Bank Ltd,Financials,Equity,1277.3568
2026-09-24,ICICIBANK,ICICI Bank Ltd,Financials,Equity,1278.2899
2026-09-25,ICICIBANK,ICICI Bank Ltd,Financials,Equity,1295.012
2026-09-28,ICICIBANK,ICICI Bank Ltd,Financials,Equity,1285.7812
2026-09-29,ICICIBANK,ICICI Bank Ltd,Financials,Equity,1303.3775
2026-09-30,ICICIBANK,ICICI Bank Ltd,Financials,Equity,1302.1905
2026-10-01,ICICIBANK,ICICI Bank Ltd,Financials,Equity,1324.4879
2026-10-02,ICICIBANK,ICICI Bank Ltd,Financials,Equity,1336.1626
2026-10-05,ICICIBANK,ICICI Bank Ltd,Financials,Equity,1339.5522
2026-10-06,ICICIBANK,ICICI Bank Ltd,Financials,Equity,1326.9019
2026-08-26,INFY,Infosys Ltd,IT,Equity,1567.7463
2026-08-27,INFY,Infosys Ltd,IT,Equity,1579.119
2026-08-28,INFY,Infosys Ltd,IT,Equity,1616.5228
2026-08-31,INFY,Infosys Ltd,IT,Equity,1609.1218
2026-09-01,INFY,Infosys Ltd,IT,Equity,1622.7456
2026-09-02,INFY,Infosys Ltd,IT,Equity,1635.421
2026-09-03,INFY,Infosys Ltd,IT,Equity,1643.0447
2026-09-04,INFY,Infosys Ltd,IT,Equity,1648.9897
2026-09-07,INFY,Infosys Ltd,IT,Equity,1654.3485
2026-09-08,INFY,Infosys Ltd,IT,Equity,1641.6471
2026-09-09,INFY,Infosys Ltd,IT,Equity,1619.4807
2026-09-10,INFY,Infosys Ltd,IT,Equity,1611.6253
2026-09-11,INFY,Infosys Ltd,IT,Equity,1626.0839
2026-09-14,INFY,Infosys Ltd,IT,Equity,1661.6246
2026-09-15,INFY,Infosys Ltd,IT,Equity,1685.5176
2026-09-16,INFY,Infosys Ltd,IT,Equity,1711.5513
2026-09-17,INFY,Infosys Ltd,IT,Equity,1731.3747
2026-09-18,INFY,Infosys Ltd,IT,Equity,1749.5173
2026-09-21,INFY,Infosys Ltd,IT,Equity,1755.2328
2026-09-22,INFY,Infosys Ltd,IT,Equity,1775.4202
2026-09-23,INFY,Infosys Ltd,IT,Equity,1820.7494
2026-09-24,INFY,Infosys Ltd,IT,Equity,1813.6725
2026-09-25,INFY,Infosys Ltd,IT,Equity,1797.3254
2026-09-28,INFY,Infosys Ltd,IT,Equity,1847.9043
2026-09-29,INFY,Infosys Ltd,IT,Equity,1855.5281
2026-09-30,INFY,Infosys Ltd,IT,Equity,1882.0503
2026-10-01,INFY,Infosys Ltd,IT,Equity,1906.3929
2026-10-02,INFY,Infosys Ltd,IT,Equity,1877.4153
2026-10-05,INFY,Infosys Ltd,IT,Equity,1942.6906
2026-10-06,INFY,Infosys Ltd,IT,Equity,1992.3485
2026-08-26,TCS,Tata Consultancy Svcs,IT,Equity,3609.527
2026-08-27,TCS,Tata Consultancy Svcs,IT,Equity,3641.9314
2026-08-28,TCS,Tata Consultancy Svcs,IT,Equity,3649.5649
2026-08-31,TCS,Tata Consultancy Svcs,IT,Equity,3616.6249
2026-09-01,TCS,Tata Consultancy Svcs,IT,Equity,3614.6988
2026-09-02,TCS,Tata Consultancy Svcs,IT,Equity,3632.1016
2026-09-03,TCS,Tata Consultancy Svcs,IT,Equity,3679.2238
2026-09-04,TCS,Tata Consultancy Svcs,IT,Equity,3710.5042
2026-09-07,TCS,Tata Consultancy Svcs,IT,Equity,3715.5307
2026-09-08,TCS,Tata Consultancy Svcs,IT,Equity,3773.5031
2026-09-09,TCS,Tata Consultancy Svcs,IT,Equity,3744.5683
2026-09-10,TCS,Tata Consultancy Svcs,IT,Equity,3779.8491
2026-09-11,TCS,Tata Consultancy Svcs,IT,Equity,3828.7378
2026-09-14,TCS,Tata Consultancy Svcs,IT,Equity,3819.1194
2026-09-15,TCS,Tata Consultancy Svcs,IT,Equity,3746.5683
2026-09-16,TCS,Tata Consultancy Svcs,IT,Equity,3711.8403
2026-09-17,TCS,Tata Consultancy Svcs,IT,Equity,3724.1162
2026-09-18,TCS,Tata Consultancy Svcs,IT,Equity,3748.3461
2026-09-21,TCS,Tata Consultancy Svcs,IT,Equity,3814.8056
2026-09-22,TCS,Tata Consultancy Svcs,IT,Equity,3775.338
2026-09-23,TCS,Tata Consultancy Svcs,IT,Equity,3778.0657
2026-09-24,TCS,Tata Consultancy Svcs,IT,Equity,3807.6738
2026-09-25,TCS,Tata Consultancy Svcs,IT,Equity,3803.7341
2026-09-28,TCS,Tata Consultancy Svcs,IT,Equity,3707.2458
2026-09-29,TCS,Tata Consultancy Svcs,IT,Equity,3742.7283
2026-09-30,TCS,Tata Consultancy Svcs,IT,Equity,3840.5437
2026-10-01,TCS,Tata Consultancy Svcs,IT,Equity,3885.6602
2026-10-02,TCS,Tata Consultancy Svcs,IT,Equity,3849.1668
2026-10-05,TCS,Tata Consultancy Svcs,IT,Equity,3834.4002
2026-10-06,TCS,Tata Consultancy Svcs,IT,Equity,3846.4404
2026-08-26,RELIANCE,Reliance Industries,Energy,Equity,1401.3482
2026-08-27,RELIANCE,Reliance Industries,Energy,Equity,1415.3069
2026-08-28,RELIANCE,Reliance Industries,Energy,Equity,1418.7103
2026-08-31,RELIANCE,Reliance Industries,Energy,Equity,1452.848
2026-09-01,RELIANCE,Reliance Industries,Energy,Equity,1452.0845
2026-09-02,RELIANCE,Reliance Industries,Energy,Equity,1493.6437
2026-09-03,RELIANCE,Reliance Industries,Energy,Equity,1479.342
2026-09-04,RELIANCE,Reliance Industries,Energy,Equity,1469.8413
2026-09-07,RELIANCE,Reliance Industries,Energy,Equity,1486.7637
2026-09-08,RELIANCE,Reliance Industries,Energy,Equity,1519.5697
2026-09-09,RELIANCE,Reliance Industries,Energy,Equity,1535.5386
2026-09-10,RELIANCE,Reliance Industries,Energy,Equity,1543.56
2026-09-11,RELIANCE,Reliance Industries,Energy,Equity,1502.4636
2026-09-14,RELIANCE,Reliance Industries,Energy,Equity,1487.4497
2026-09-15,RELIANCE,Reliance Industries,Energy,Equity,1474.8666
2026-09-16,RELIANCE,Reliance Industries,Energy,Equity,1464.0939
2026-09-17,RELIANCE,Reliance Industries,Energy,Equity,1477.9978
2026-09-18,RELIANCE,Reliance Industries,Energy,Equity,1471.6014
2026-09-21,RELIANCE,Reliance Industries,Energy,Equity,1490.0187
2026-09-22,RELIANCE,Reliance Industries,Energy,Equity,1492.9018
2026-09-23,RELIANCE,Reliance Industries,Energy,Equity,1486.4941
2026-09-24,RELIANCE,Reliance Industries,Energy,Equity,1490.1692
2026-09-25,RELIANCE,Reliance Industries,Energy,Equity,1500.7961
2026-09-28,RELIANCE,Reliance Industries,Energy,Equity,1521.1649
2026-09-29,RELIANCE,Reliance Industries,Energy,Equity,1511.3343
2026-09-30,RELIANCE,Reliance Industries,Energy,Equity,1507.117
2026-10-01,RELIANCE,Reliance Industries,Energy,Equity,1477.3449
2026-10-02,RELIANCE,Reliance Industries,Energy,Equity,1513.92
2026-10-05,RELIANCE,Reliance Industries,Energy,Equity,1547.948
2026-10-06,RELIANCE,Reliance Industries,Energy,Equity,1544.8792
2026-08-26,ITC,ITC Ltd,FMCG,Equity,478.0398
2026-08-27,ITC,ITC Ltd,FMCG,Equity,472.4664
2026-08-28,ITC,ITC Ltd,FMCG,Equity,473.5998
2026-08-31,ITC,ITC Ltd,FMCG,Equity,474.9083
2026-09-01,ITC,ITC Ltd,FMCG,Equity,485.602
2026-09-02,ITC,ITC Ltd,FMCG,Equity,487.1381
2026-09-03,ITC,ITC Ltd,FMCG,Equity,483.6898
2026-09-04,ITC,ITC Ltd,FMCG,Equity,472.2039
2026-09-07,ITC,ITC Ltd,FMCG,Equity,479.1896
2026-09-08,ITC,ITC Ltd,FMCG,Equity,480.4326
2026-09-09,ITC,ITC Ltd,FMCG,Equity,473.0373
2026-09-10,ITC,ITC Ltd,FMCG,Equity,474.2217
2026-09-11,ITC,ITC Ltd,FMCG,Equity,466.9254
2026-09-14,ITC,ITC Ltd,FMCG,Equity,483.5031
2026-09-15,ITC,ITC Ltd,FMCG,Equity,489.2516
2026-09-16,ITC,ITC Ltd,FMCG,Equity,492.3949
2026-09-17,ITC,ITC Ltd,FMCG,Equity,491.8774
2026-09-18,ITC,ITC Ltd,FMCG,Equity,481.6969
2026-09-21,ITC,ITC Ltd,FMCG,Equity,481.4252
2026-09-22,ITC,ITC Ltd,FMCG,Equity,474.2781
2026-09-23,ITC,ITC Ltd,FMCG,Equity,477.4378
2026-09-24,ITC,ITC Ltd,FMCG,Equity,467.5602
2026-09-25,ITC,ITC Ltd,FMCG,Equity,463.6433
2026-09-28,ITC,ITC Ltd,FMCG,Equity,469.6223
2026-09-29,ITC,ITC Ltd,FMCG,Equity,477.671
2026-09-30,ITC,ITC Ltd,FMCG,Equity,472.3631
2026-10-01,ITC,ITC Ltd,FMCG,Equity,465.4479
2026-10-02,ITC,ITC Ltd,FMCG,Equity,469.8669
2026-10-05,ITC,ITC Ltd,FMCG,Equity,474.2041
2026-10-06,ITC,ITC Ltd,FMCG,Equity,469.8578
2026-08-26,SBIN,State Bank of India,Financials,Equity,613.5466
2026-08-27,SBIN,State Bank of India,Financials,Equity,607.1637
2026-08-28,SBIN,State Bank of India,Financials,Equity,596.0339
2026-08-31,SBIN,State Bank of India,Financials,Equity,589.9643
2026-09-01,SBIN,State Bank of India,Financials,Equity,602.1836
2026-09-02,SBIN,State Bank of India,Financials,Equity,609.25
2026-09-03,SBIN,State Bank of India,Financials,Equity,629.7242
2026-09-04,SBIN,State Bank of India,Financials,Equity,629.2951
2026-09-07,SBIN,State Bank of India,Financials,Equity,628.3726
2026-09-08,SBIN,State Bank of India,Financials,Equity,618.9353
2026-09-09,SBIN,State Bank of India,Financials,Equity,618.1425
2026-09-10,SBIN,State Bank of India,Financials,Equity,605.5883
2026-09-11,SBIN,State Bank of India,Financials,Equity,588.7904
2026-09-14,SBIN,State Bank of India,Financials,Equity,595.7685
2026-09-15,SBIN,State Bank of India,Financials,Equity,609.9131
2026-09-16,SBIN,State Bank of India,Financials,Equity,618.5067
2026-09-17,SBIN,State Bank of India,Financials,Equity,632.1254
2026-09-18,SBIN,State Bank of India,Financials,Equity,635.1202
2026-09-21,SBIN,State Bank of India,Financials,Equity,628.2662
2026-09-22,SBIN,State Bank of India,Financials,Equity,629.574
2026-09-23,SBIN,State Bank of India,Financials,Equity,626.2469
2026-09-24,SBIN,State Bank of India,Financials,Equity,615.5481
2026-09-25,SBIN,State Bank of India,Financials,Equity,599.3101
2026-09-28,SBIN,State Bank of India,Financials,Equity,585.5115
2026-09-29,SBIN,State Bank of India,Financials,Equity,585.8696
2026-09-30,SBIN,State Bank of India,Financials,Equity,587.6924
2026-10-01,SBIN,State Bank of India,Financials,Equity,583.6413
2026-10-02,SBIN,State Bank of India,Financials,Equity,597.3942
2026-10-05,SBIN,State Bank of India,Financials,Equity,599.5233
2026-10-06,SBIN,State Bank of India,Financials,Equity,605.5335
2026-08-26,LT,Larsen & Toubro,Infra,Equity,2439.7003
2026-08-27,LT,Larsen & Toubro,Infra,Equity,2415.3975
2026-08-28,LT,Larsen & Toubro,Infra,Equity,2355.236
2026-08-31,LT,Larsen & Toubro,Infra,Equity,2379.9206
2026-09-01,LT,Larsen & Toubro,Infra,Equity,2360.2867
2026-09-02,LT,Larsen & Toubro,Infra,Equity,2402.1646
2026-09-03,LT,Larsen & Toubro,Infra,Equity,2414.3879
2026-09-04,LT,Larsen & Toubro,Infra,Equity,2447.675
2026-09-07,LT,Larsen & Toubro,Infra,Equity,2473.6885
2026-09-08,LT,Larsen & Toubro,Infra,Equity,2408.5133
2026-09-09,LT,Larsen & Toubro,Infra,Equity,2432.7188
2026-09-10,LT,Larsen & Toubro,Infra,Equity,2413.1341
2026-09-11,LT,Larsen & Toubro,Infra,Equity,2391.1036
2026-09-14,LT,Larsen & Toubro,Infra,Equity,2379.2523
2026-09-15,LT,Larsen & Toubro,Infra,Equity,2404.6771
2026-09-16,LT,Larsen & Toubro,Infra,Equity,2434.0072
2026-09-17,LT,Larsen & Toubro,Infra,Equity,2467.7097
2026-09-18,LT,Larsen & Toubro,Infra,Equity,2416.1937
2026-09-21,LT,Larsen & Toubro,Infra,Equity,2399.3349
2026-09-22,LT,Larsen & Toubro,Infra,Equity,2326.9214
2026-09-23,LT,Larsen & Toubro,Infra,Equity,2325.4645
2026-09-24,LT,Larsen & Toubro,Infra,Equity,2345.2349
2026-09-25,LT,Larsen & Toubro,Infra,Equity,2323.5838
2026-09-28,LT,Larsen & Toubro,Infra,Equity,2332.6047
2026-09-29,LT,Larsen & Toubro,Infra,Equity,2341.253
2026-09-30,LT,Larsen & Toubro,Infra,Equity,2373.56
2026-10-01,LT,Larsen & Toubro,Infra,Equity,2349.8762
2026-10-02,LT,Larsen & Toubro,Infra,Equity,2326.1964
2026-10-05,LT,Larsen & Toubro,Infra,Equity,2304.7428
2026-10-06,LT,Larsen & Toubro,Infra,Equity,2358.8666
2026-08-26,MARUTI,Maruti Suzuki India,Auto,Equity,1828.7433
2026-08-27,MARUTI,Maruti Suzuki India,Auto,Equity,1826.8584
2026-08-28,MARUTI,Maruti Suzuki India,Auto,Equity,1833.9075
2026-08-31,MARUTI,Maruti Suzuki India,Auto,Equity,1838.128
2026-09-01,MARUTI,Maruti Suzuki India,Auto,Equity,1844.6392
2026-09-02,MARUTI,Maruti Suzuki India,Auto,Equity,1840.5424
2026-09-03,MARUTI,Maruti Suzuki India,Auto,Equity,1833.2197
2026-09-04,MARUTI,Maruti Suzuki India,Auto,Equity,1802.253
2026-09-07,MARUTI,Maruti Suzuki India,Auto,Equity,1787.3201
2026-09-08,MARUTI,Maruti Suzuki India,Auto,Equity,1829.8682
2026-09-09,MARUTI,Maruti Suzuki India,Auto,Equity,1844.8948
2026-09-10,MARUTI,Maruti Suzuki India,Auto,Equity,1847.8587
2026-09-11,MARUTI,Maruti Suzuki India,Auto,Equity,1843.5947
2026-09-14,MARUTI,Maruti Suzuki India,Auto,Equity,1846.5024
2026-09-15,MARUTI,Maruti Suzuki India,Auto,Equity,1856.9294
2026-09-16,MARUTI,Maruti Suzuki India,Auto,Equity,1841.4372
2026-09-17,MARUTI,Maruti Suzuki India,Auto,Equity,1847.7881
2026-09-18,MARUTI,Maruti Suzuki India,Auto,Equity,1855.2905
2026-09-21,MARUTI,Maruti Suzuki India,Auto,Equity,1837.145
2026-09-22,MARUTI,Maruti Suzuki India,Auto,Equity,1818.138
2026-09-23,MARUTI,Maruti Suzuki India,Auto,Equity,1793.9825
2026-09-24,MARUTI,Maruti Suzuki India,Auto,Equity,1768.5317
2026-09-25,MARUTI,Maruti Suzuki India,Auto,Equity,1791.8026
2026-09-28,MARUTI,Maruti Suzuki India,Auto,Equity,1733.8518
2026-09-29,MARUTI,Maruti Suzuki India,Auto,Equity,1728.5898
2026-09-30,MARUTI,Maruti Suzuki India,Auto,Equity,1715.0105
2026-10-01,MARUTI,Maruti Suzuki India,Auto,Equity,1701.3291
2026-10-02,MARUTI,Maruti Suzuki India,Auto,Equity,1704.8447
2026-10-05,MARUTI,Maruti Suzuki India,Auto,Equity,1732.9594
2026-10-06,MARUTI,Maruti Suzuki India,Auto,Equity,1736.0266
2026-08-26,HINDUNILVR,Hindustan Unilever,FMCG,Equity,2598.5383
2026-08-27,HINDUNILVR,Hindustan Unilever,FMCG,Equity,2586.0352
2026-08-28,HINDUNILVR,Hindustan Unilever,FMCG,Equity,2584.844
2026-08-31,HINDUNILVR,Hindustan Unilever,FMCG,Equity,2607.8713
2026-09-01,HINDUNILVR,Hindustan Unilever,FMCG,Equity,2600.4482
2026-09-02,HINDUNILVR,Hindustan Unilever,FMCG,Equity,2575.4362
2026-09-03,HINDUNILVR,Hindustan Unilever,FMCG,Equity,2547.9376
2026-09-04,HINDUNILVR,Hindustan Unilever,FMCG,Equity,2524.3425
2026-09-07,HINDUNILVR,Hindustan Unilever,FMCG,Equity,2494.5318
2026-09-08,HINDUNILVR,Hindustan Unilever,FMCG,Equity,2520.9523
2026-09-09,HINDUNILVR,Hindustan Unilever,FMCG,Equity,2530.7756
2026-09-10,HINDUNILVR,Hindustan Unilever,FMCG,Equity,2527.1406
2026-09-11,HINDUNILVR,Hindustan Unilever,FMCG,Equity,2562.1054
2026-09-14,HINDUNILVR,Hindustan Unilever,FMCG,Equity,2548.7294
2026-09-15,HINDUNILVR,Hindustan Unilever,FMCG,Equity,2567.7866
2026-09-16,HINDUNILVR,Hindustan Unilever,FMCG,Equity,2588.0944
2026-09-17,HINDUNILVR,Hindustan Unilever,FMCG,Equity,2553.8889
2026-09-18,HINDUNILVR,Hindustan Unilever,FMCG,Equity,2519.8897
2026-09-21,HINDUNILVR,Hindustan Unilever,FMCG,Equity,2500.6187
2026-09-22,HINDUNILVR,Hindustan Unilever,FMCG,Equity,2522.7756
2026-09-23,HINDUNILVR,Hindustan Unilever,FMCG,Equity,2553.9695
2026-09-24,HINDUNILVR,Hindustan Unilever,FMCG,Equity,2527.5407
2026-09-25,HINDUNILVR,Hindustan Unilever,FMCG,Equity,2553.162
2026-09-28,HINDUNILVR,Hindustan Unilever,FMCG,Equity,2546.1478
2026-09-29,HINDUNILVR,Hindustan Unilever,FMCG,Equity,2538.9137
2026-09-30,HINDUNILVR,Hindustan Unilever,FMCG,Equity,2528.0975
2026-10-01,HINDUNILVR,Hindustan Unilever,FMCG,Equity,2522.4953
2026-10-02,HINDUNILVR,Hindustan Unilever,FMCG,Equity,2482.9805
2026-10-05,HINDUNILVR,Hindustan Unilever,FMCG,Equity,2462.3438
2026-10-06,HINDUNILVR,Hindustan Unilever,FMCG,Equity,2436.6844
2026-08-26,GOI7.26-36,GOI 7.26% 2036,G-Sec,Debt,102.1623
2026-08-27,GOI7.26-36,GOI 7.26% 2036,G-Sec,Debt,102.8149
2026-08-28,GOI7.26-36,GOI 7.26% 2036,G-Sec,Debt,103.6698
2026-08-31,GOI7.26-36,GOI 7.26% 2036,G-Sec,Debt,103.5776
2026-09-01,GOI7.26-36,GOI 7.26% 2036,G-Sec,Debt,103.0551
2026-09-02,GOI7.26-36,GOI 7.26% 2036,G-Sec,Debt,102.9417
2026-09-03,GOI7.26-36,GOI 7.26% 2036,G-Sec,Debt,102.6639
2026-09-04,GOI7.26-36,GOI 7.26% 2036,G-Sec,Debt,103.2871
2026-09-07,GOI7.26-36,GOI 7.26% 2036,G-Sec,Debt,103.4764
2026-09-08,GOI7.26-36,GOI 7.26% 2036,G-Sec,Debt,103.2626
2026-09-09,GOI7.26-36,GOI 7.26% 2036,G-Sec,Debt,103.5649
2026-09-10,GOI7.26-36,GOI 7.26% 2036,G-Sec,Debt,103.7438
2026-09-11,GOI7.26-36,GOI 7.26% 2036,G-Sec,Debt,103.2504
2026-09-14,GOI7.26-36,GOI 7.26% 2036,G-Sec,Debt,103.0982
2026-09-15,GOI7.26-36,GOI 7.26% 2036,G-Sec,Debt,103.0366
2026-09-16,GOI7.26-36,GOI 7.26% 2036,G-Sec,Debt,103.0548
2026-09-17,GOI7.26-36,GOI 7.26% 2036,G-Sec,Debt,103.108
2026-09-18,GOI7.26-36,GOI 7.26% 2036,G-Sec,Debt,103.0155
2026-09-21,GOI7.26-36,GOI 7.26% 2036,G-Sec,Debt,103.0865
2026-09-22,GOI7.26-36,GOI 7.26% 2036,G-Sec,Debt,102.9176
2026-09-23,GOI7.26-36,GOI 7.26% 2036,G-Sec,Debt,102.6532
2026-09-24,GOI7.26-36,GOI 7.26% 2036,G-Sec,Debt,103.1323
2026-09-25,GOI7.26-36,GOI 7.26% 2036,G-Sec,Debt,103.2561
2026-09-28,GOI7.26-36,GOI 7.26% 2036,G-Sec,Debt,103.4043
2026-09-29,GOI7.26-36,GOI 7.26% 2036,G-Sec,Debt,102.9219
2026-09-30,GOI7.26-36,GOI 7.26% 2036,G-Sec,Debt,102.883
2026-10-01,GOI7.26-36,GOI 7.26% 2036,G-Sec,Debt,103.1482
2026-10-02,GOI7.26-36,GOI 7.26% 2036,G-Sec,Debt,102.761
2026-10-05,GOI7.26-36,GOI 7.26% 2036,G-Sec,Debt,103.1117
2026-10-06,GOI7.26-36,GOI 7.26% 2036,G-Sec,Debt,103.0036
2026-08-26,GOI8.2-33,GOI 8.20% 2033,G-Sec,Debt,108.6441
2026-08-27,GOI8.2-33,GOI 8.20% 2033,G-Sec,Debt,108.6137
2026-08-28,GOI8.2-33,GOI 8.20% 2033,G-Sec,Debt,108.6979
2026-08-31,GOI8.2-33,GOI 8.20% 2033,G-Sec,Debt,109.1034
2026-09-01,GOI8.2-33,GOI 8.20% 2033,G-Sec,Debt,108.9844
2026-09-02,GOI8.2-33,GOI 8.20% 2033,G-Sec,Debt,109.509
2026-09-03,GOI8.2-33,GOI 8.20% 2033,G-Sec,Debt,109.2653
2026-09-04,GOI8.2-33,GOI 8.20% 2033,G-Sec,Debt,108.973
2026-09-07,GOI8.2-33,GOI 8.20% 2033,G-Sec,Debt,109.2185
2026-09-08,GOI8.2-33,GOI 8.20% 2033,G-Sec,Debt,108.8823
2026-09-09,GOI8.2-33,GOI 8.20% 2033,G-Sec,Debt,108.7744
2026-09-10,GOI8.2-33,GOI 8.20% 2033,G-Sec,Debt,109.0835
2026-09-11,GOI8.2-33,GOI 8.20% 2033,G-Sec,Debt,109.4927
2026-09-14,GOI8.2-33,GOI 8.20% 2033,G-Sec,Debt,108.9228
2026-09-15,GOI8.2-33,GOI 8.20% 2033,G-Sec,Debt,109.1012
2026-09-16,GOI8.2-33,GOI 8.20% 2033,G-Sec,Debt,109.7308
2026-09-17,GOI8.2-33,GOI 8.20% 2033,G-Sec,Debt,110.1374
2026-09-18,GOI8.2-33,GOI 8.20% 2033,G-Sec,Debt,110.0713
2026-09-21,GOI8.2-33,GOI 8.20% 2033,G-Sec,Debt,109.8861
2026-09-22,GOI8.2-33,GOI 8.20% 2033,G-Sec,Debt,109.8016
2026-09-23,GOI8.2-33,GOI 8.20% 2033,G-Sec,Debt,109.435
2026-09-24,GOI8.2-33,GOI 8.20% 2033,G-Sec,Debt,109.3613
2026-09-25,GOI8.2-33,GOI 8.20% 2033,G-Sec,Debt,109.3129
2026-09-28,GOI8.2-33,GOI 8.20% 2033,G-Sec,Debt,109.2783
2026-09-29,GOI8.2-33,GOI 8.20% 2033,G-Sec,Debt,109.6791
2026-09-30,GOI8.2-33,GOI 8.20% 2033,G-Sec,Debt,109.6165
2026-10-01,GOI8.2-33,GOI 8.20% 2033,G-Sec,Debt,109.1503
2026-10-02,GOI8.2-33,GOI 8.20% 2033,G-Sec,Debt,109.5075
2026-10-05,GOI8.2-33,GOI 8.20% 2033,G-Sec,Debt,109.1682
2026-10-06,GOI8.2-33,GOI 8.20% 2033,G-Sec,Debt,109.0349
2026-08-26,SDL-MH-32,SDL Maharashtra 2032,SDL,Debt,101.4579
2026-08-27,SDL-MH-32,SDL Maharashtra 2032,SDL,Debt,101.3304
2026-08-28,SDL-MH-32,SDL Maharashtra 2032,SDL,Debt,100.936
2026-08-31,SDL-MH-32,SDL Maharashtra 2032,SDL,Debt,100.8476
2026-09-01,SDL-MH-32,SDL Maharashtra 2032,SDL,Debt,101.7407
2026-09-02,SDL-MH-32,SDL Maharashtra 2032,SDL,Debt,101.506
2026-09-03,SDL-MH-32,SDL Maharashtra 2032,SDL,Debt,101.4628
2026-09-04,SDL-MH-32,SDL Maharashtra 2032,SDL,Debt,101.9311
2026-09-07,SDL-MH-32,SDL Maharashtra 2032,SDL,Debt,102.2469
2026-09-08,SDL-MH-32,SDL Maharashtra 2032,SDL,Debt,102.5714
2026-09-09,SDL-MH-32,SDL Maharashtra 2032,SDL,Debt,102.9374
2026-09-10,SDL-MH-32,SDL Maharashtra 2032,SDL,Debt,102.1395
2026-09-11,SDL-MH-32,SDL Maharashtra 2032,SDL,Debt,101.7987
2026-09-14,SDL-MH-32,SDL Maharashtra 2032,SDL,Debt,101.8632
2026-09-15,SDL-MH-32,SDL Maharashtra 2032,SDL,Debt,102.0787
2026-09-16,SDL-MH-32,SDL Maharashtra 2032,SDL,Debt,102.6194
2026-09-17,SDL-MH-32,SDL Maharashtra 2032,SDL,Debt,102.8245
2026-09-18,SDL-MH-32,SDL Maharashtra 2032,SDL,Debt,102.7388
2026-09-21,SDL-MH-32,SDL Maharashtra 2032,SDL,Debt,102.7673
2026-09-22,SDL-MH-32,SDL Maharashtra 2032,SDL,Debt,102.6928
2026-09-23,SDL-MH-32,SDL Maharashtra 2032,SDL,Debt,102.8066
2026-09-24,SDL-MH-32,SDL Maharashtra 2032,SDL,Debt,103.0962
2026-09-25,SDL-MH-32,SDL Maharashtra 2032,SDL,Debt,102.9685
2026-09-28,SDL-MH-32,SDL Maharashtra 2032,SDL,Debt,102.6457
2026-09-29,SDL-MH-32,SDL Maharashtra 2032,SDL,Debt,102.3071
2026-09-30,SDL-MH-32,SDL Maharashtra 2032,SDL,Debt,102.7683
2026-10-01,SDL-MH-32,SDL Maharashtra 2032,SDL,Debt,103.3072
2026-10-02,SDL-MH-32,SDL Maharashtra 2032,SDL,Debt,103.7296
2026-10-05,SDL-MH-32,SDL Maharashtra 2032,SDL,Debt,104.0976
2026-10-06,SDL-MH-32,SDL Maharashtra 2032,SDL,Debt,104.457
2026-08-26,CP-TATA,Tata Motors CP 90D,Money Mkt,Debt,99.8117
2026-08-27,CP-TATA,Tata Motors CP 90D,Money Mkt,Debt,99.89
2026-08-28,CP-TATA,Tata Motors CP 90D,Money Mkt,Debt,99.7969
2026-08-31,CP-TATA,Tata Motors CP 90D,Money Mkt,Debt,99.7886
2026-09-01,CP-TATA,Tata Motors CP 90D,Money Mkt,Debt,99.7273
2026-09-02,CP-TATA,Tata Motors CP 90D,Money Mkt,Debt,99.8118
2026-09-03,CP-TATA,Tata Motors CP 90D,Money Mkt,Debt,99.7659
2026-09-04,CP-TATA,Tata Motors CP 90D,Money Mkt,Debt,99.7671
2026-09-07,CP-TATA,Tata Motors CP 90D,Money Mkt,Debt,99.819
2026-09-08,CP-TATA,Tata Motors CP 90D,Money Mkt,Debt,99.9662
2026-09-09,CP-TATA,Tata Motors CP 90D,Money Mkt,Debt,99.899
2026-09-10,CP-TATA,Tata Motors CP 90D,Money Mkt,Debt,99.8172
2026-09-11,CP-TATA,Tata Motors CP 90D,Money Mkt,Debt,99.9108
2026-09-14,CP-TATA,Tata Motors CP 90D,Money Mkt,Debt,99.8122
2026-09-15,CP-TATA,Tata Motors CP 90D,Money Mkt,Debt,99.8694
2026-09-16,CP-TATA,Tata Motors CP 90D,Money Mkt,Debt,99.8244
2026-09-17,CP-TATA,Tata Motors CP 90D,Money Mkt,Debt,99.8258
2026-09-18,CP-TATA,Tata Motors CP 90D,Money Mkt,Debt,99.6561
2026-09-21,CP-TATA,Tata Motors CP 90D,Money Mkt,Debt,99.7391
2026-09-22,CP-TATA,Tata Motors CP 90D,Money Mkt,Debt,99.7012
2026-09-23,CP-TATA,Tata Motors CP 90D,Money Mkt,Debt,99.6236
2026-09-24,CP-TATA,Tata Motors CP 90D,Money Mkt,Debt,99.8424
2026-09-25,CP-TATA,Tata Motors CP 90D,Money Mkt,Debt,99.9255
2026-09-28,CP-TATA,Tata Motors CP 90D,Money Mkt,Debt,100.2881
2026-09-29,CP-TATA,Tata Motors CP 90D,Money Mkt,Debt,100.341
2026-09-30,CP-TATA,Tata Motors CP 90D,Money Mkt,Debt,100.3181
2026-10-01,CP-TATA,Tata Motors CP 90D,Money Mkt,Debt,100.341
2026-10-02,CP-TATA,Tata Motors CP 90D,Money Mkt,Debt,100.5143
2026-10-05,CP-TATA,Tata Motors CP 90D,Money Mkt,Debt,100.5236
2026-10-06,CP-TATA,Tata Motors CP 90D,Money Mkt,Debt,100.581
2026-08-26,NCD-REL,Reliance NCD 9.10%,Corporate,Debt,1007.1973
2026-08-27,NCD-REL,Reliance NCD 9.10%,Corporate,Debt,1003.6517
2026-08-28,NCD-REL,Reliance NCD 9.10%,Corporate,Debt,1004.2894
2026-08-31,NCD-REL,Reliance NCD 9.10%,Corporate,Debt,1002.3904
2026-09-01,NCD-REL,Reliance NCD 9.10%,Corporate,Debt,997.5168
2026-09-02,NCD-REL,Reliance NCD 9.10%,Corporate,Debt,1001.1162
2026-09-03,NCD-REL,Reliance NCD 9.10%,Corporate,Debt,1003.9018
2026-09-04,NCD-REL,Reliance NCD 9.10%,Corporate,Debt,1004.3218
2026-09-07,NCD-REL,Reliance NCD 9.10%,Corporate,Debt,1000.7969
2026-09-08,NCD-REL,Reliance NCD 9.10%,Corporate,Debt,992.8874
2026-09-09,NCD-REL,Reliance NCD 9.10%,Corporate,Debt,994.9347
2026-09-10,NCD-REL,Reliance NCD 9.10%,Corporate,Debt,994.6651
2026-09-11,NCD-REL,Reliance NCD 9.10%,Corporate,Debt,988.0851
2026-09-14,NCD-REL,Reliance NCD 9.10%,Corporate,Debt,987.966
2026-09-15,NCD-REL,Reliance NCD 9.10%,Corporate,Debt,982.073
2026-09-16,NCD-REL,Reliance NCD 9.10%,Corporate,Debt,982.0863
2026-09-17,NCD-REL,Reliance NCD 9.10%,Corporate,Debt,982.766
2026-09-18,NCD-REL,Reliance NCD 9.10%,Corporate,Debt,984.2786
2026-09-21,NCD-REL,Reliance NCD 9.10%,Corporate,Debt,985.2512
2026-09-22,NCD-REL,Reliance NCD 9.10%,Corporate,Debt,986.043
2026-09-23,NCD-REL,Reliance NCD 9.10%,Corporate,Debt,981.6655
2026-09-24,NCD-REL,Reliance NCD 9.10%,Corporate,Debt,980.2768
2026-09-25,NCD-REL,Reliance NCD 9.10%,Corporate,Debt,978.3897
2026-09-28,NCD-REL,Reliance NCD 9.10%,Corporate,Debt,977.5848
2026-09-29,NCD-REL,Reliance NCD 9.10%,Corporate,Debt,978.7579
2026-09-30,NCD-REL,Reliance NCD 9.10%,Corporate,Debt,981.2989
2026-10-01,NCD-REL,Reliance NCD 9.10%,Corporate,Debt,987.8344
2026-10-02,NCD-REL,Reliance NCD 9.10%,Corporate,Debt,977.8031
2026-10-05,NCD-REL,Reliance NCD 9.10%,Corporate,Debt,979.4889
2026-10-06,NCD-REL,Reliance NCD 9.10%,Corporate,Debt,978.8293
