stmt_date,fund_code,symbol,book_qty,custodian_qty,qty_diff,book_price,custodian_price,price_var_pct,recon_status,impact_inr
2026-10-05,ALPHA_EQ,HDFCBANK,600,650,-50,1707.0177,1707.0177,0.0,QTY_BREAK,85350.89
2026-10-05,ALPHA_EQ,ICICIBANK,19600,19600,0,1339.5522,1339.5522,0.0,MATCHED,0
2026-10-05,ALPHA_EQ,INFY,13900,13900,0,1942.6906,1942.6906,0.0,MATCHED,0
2026-10-05,ALPHA_EQ,ITC,10700,10700,0,474.2041,474.2041,0.0,MATCHED,0
2026-10-05,ALPHA_EQ,RELIANCE,2100,2100,0,1547.948,1547.948,0.0,MATCHED,0
2026-10-05,ALPHA_EQ,TCS,9000,9000,0,3834.4002,3834.4002,0.0,MATCHED,0
2026-10-05,BETA_DEBT,CP-TATA,198400,198400,0,100.5236,100.5236,0.0,MATCHED,0
2026-10-05,BETA_DEBT,GOI7.26-36,577200,577200,0,103.1117,103.1117,0.0,MATCHED,0
2026-10-05,BETA_DEBT,GOI8.2-33,451200,451200,0,109.1682,109.1682,0.0,MATCHED,0
2026-10-05,BETA_DEBT,NCD-REL,22600,,,979.4889,,,MISSING_IN_CUSTODIAN,22136449.14
2026-10-05,BETA_DEBT,SDL-MH-32,286000,286000,0,104.0976,104.0976,0.0,MATCHED,0
2026-10-05,GAMMA_BAL,GOI7.26-36,370900,370900,0,103.1117,103.1117,0.0,MATCHED,0
2026-10-05,GAMMA_BAL,HDFCBANK,11500,11500,0,1707.0177,1707.0177,0.0,MATCHED,0
2026-10-05,GAMMA_BAL,INFY,3900,3900,0,1942.6906,1942.6906,0.0,MATCHED,0
2026-10-05,GAMMA_BAL,LT,2200,2200,0,2304.7428,2304.7428,0.0,MATCHED,0
2026-10-05,GAMMA_BAL,MARUTI,19700,19700,0,1732.9594,1741.6242,0.5,PRICE_BREAK,170696.56
2026-10-05,GAMMA_BAL,SDL-MH-32,212900,212900,0,104.0976,104.0976,0.0,MATCHED,0
