nav_date,fund_code,book_nav,published_nav,var_pct,abs_var_pct,recon_status
2026-08-26,ALPHA_EQ,9.943427,9.943427,0.0,0.0,MATCHED
2026-08-27,ALPHA_EQ,9.936565,9.936565,0.0,0.0,MATCHED
2026-08-28,ALPHA_EQ,9.933773,9.933773,0.0,0.0,MATCHED
2026-08-31,ALPHA_EQ,9.898302,9.898302,0.0,0.0,MATCHED
2026-09-01,ALPHA_EQ,9.820425,9.820425,0.0,0.0,MATCHED
2026-09-02,ALPHA_EQ,9.842132,9.842132,0.0,0.0,MATCHED
2026-09-03,ALPHA_EQ,9.899737,9.899737,0.0,0.0,MATCHED
2026-09-04,ALPHA_EQ,9.89249,9.89249,0.0,0.0,MATCHED
2026-09-07,ALPHA_EQ,9.860572,9.860572,0.0,0.0,MATCHED
2026-09-08,ALPHA_EQ,9.773074,9.773074,0.0,0.0,MATCHED
2026-09-09,ALPHA_EQ,9.743893,9.743893,0.0,0.0,MATCHED
2026-09-10,ALPHA_EQ,9.752703,9.752703,0.0,0.0,MATCHED
2026-09-11,ALPHA_EQ,9.731765,9.731765,0.0,0.0,MATCHED
2026-09-14,ALPHA_EQ,9.772239,9.772239,0.0,0.0,MATCHED
2026-09-15,ALPHA_EQ,9.633922,9.633922,0.0,0.0,MATCHED
2026-09-16,ALPHA_EQ,9.547452,9.547452,0.0,0.0,MATCHED
2026-09-17,ALPHA_EQ,9.655201,9.655201,0.0,0.0,MATCHED
2026-09-18,ALPHA_EQ,9.595443,9.595443,0.0,0.0,MATCHED
2026-09-21,ALPHA_EQ,9.64858,9.64858,0.0,0.0,MATCHED
2026-09-22,ALPHA_EQ,9.537077,9.537077,0.0,0.0,MATCHED
2026-09-23,ALPHA_EQ,9.543173,9.543173,0.0,0.0,MATCHED
2026-09-24,ALPHA_EQ,9.527389,9.527389,0.0,0.0,MATCHED
2026-09-25,ALPHA_EQ,9.508811,9.508811,0.0,0.0,MATCHED
2026-09-28,ALPHA_EQ,9.428119,9.428119,0.0,0.0,MATCHED
2026-09-29,ALPHA_EQ,9.453997,9.453997,0.0,0.0,MATCHED
2026-09-30,ALPHA_EQ,9.507771,9.507771,0.0,0.0,MATCHED
2026-10-01,ALPHA_EQ,9.52751,9.52751,0.0,0.0,MATCHED
2026-10-02,ALPHA_EQ,9.496706,9.496706,0.0,0.0,MATCHED
2026-10-05,ALPHA_EQ,9.547956,9.547956,0.0,0.0,MATCHED
2026-10-06,ALPHA_EQ,9.560259,9.560259,0.0,0.0,MATCHED
2026-08-26,BETA_DEBT,9.99033,9.99033,0.0,0.0,MATCHED
2026-08-27,BETA_DEBT,9.981902,9.981902,0.0,0.0,MATCHED
2026-08-28,BETA_DEBT,9.982631,9.982631,0.0,0.0,MATCHED
2026-08-31,BETA_DEBT,9.964211,9.964211,0.0,0.0,MATCHED
2026-09-01,BETA_DEBT,9.93029,9.93029,0.0,0.0,MATCHED
2026-09-02,BETA_DEBT,9.922044,9.922044,0.0,0.0,MATCHED
2026-09-03,BETA_DEBT,9.89137,9.89137,0.0,0.0,MATCHED
2026-09-04,BETA_DEBT,9.890122,9.890122,0.0,0.0,MATCHED
2026-09-07,BETA_DEBT,9.880133,9.880133,0.0,0.0,MATCHED
2026-09-08,BETA_DEBT,9.839376,9.839376,0.0,0.0,MATCHED
2026-09-09,BETA_DEBT,9.833896,9.833896,0.0,0.0,MATCHED
2026-09-10,BETA_DEBT,9.813187,9.813187,0.0,0.0,MATCHED
2026-09-11,BETA_DEBT,9.772904,9.772904,0.0,0.0,MATCHED
2026-09-14,BETA_DEBT,9.734823,9.734823,0.0,0.0,MATCHED
2026-09-15,BETA_DEBT,9.6133,9.6133,0.0,0.0,MATCHED
2026-09-16,BETA_DEBT,9.615933,9.615933,0.0,0.0,MATCHED
2026-09-17,BETA_DEBT,9.611942,9.611942,0.0,0.0,MATCHED
2026-09-18,BETA_DEBT,9.586725,9.586725,0.0,0.0,MATCHED
2026-09-21,BETA_DEBT,9.567045,9.567045,0.0,0.0,MATCHED
2026-09-22,BETA_DEBT,9.540568,9.540568,0.0,0.0,MATCHED
2026-09-23,BETA_DEBT,9.498761,9.498761,0.0,0.0,MATCHED
2026-09-24,BETA_DEBT,9.494902,9.494902,0.0,0.0,MATCHED
2026-09-25,BETA_DEBT,9.474356,9.474356,0.0,0.0,MATCHED
2026-09-28,BETA_DEBT,9.454353,9.454353,0.0,0.0,MATCHED
2026-09-29,BETA_DEBT,9.428106,9.428106,0.0,0.0,MATCHED
2026-09-30,BETA_DEBT,9.415486,9.415486,0.0,0.0,MATCHED
2026-10-01,BETA_DEBT,9.41194,9.41194,0.0,0.0,MATCHED
2026-10-02,BETA_DEBT,9.384116,9.384116,0.0,0.0,MATCHED
2026-10-05,BETA_DEBT,9.372566,9.372566,0.0,0.0,MATCHED
2026-10-06,BETA_DEBT,9.354638,9.354638,0.0,0.0,MATCHED
2026-08-26,GAMMA_BAL,9.991182,9.991182,0.0,0.0,MATCHED
2026-08-27,GAMMA_BAL,9.978247,9.978247,0.0,0.0,MATCHED
2026-08-28,GAMMA_BAL,9.989166,9.989166,0.0,0.0,MATCHED
2026-08-31,GAMMA_BAL,9.948075,9.948075,0.0,0.0,MATCHED
2026-09-01,GAMMA_BAL,9.891254,9.891254,0.0,0.0,MATCHED
2026-09-02,GAMMA_BAL,9.870563,9.870563,0.0,0.0,MATCHED
2026-09-03,GAMMA_BAL,9.84613,9.84613,0.0,0.0,MATCHED
2026-09-04,GAMMA_BAL,9.855566,9.855566,0.0,0.0,MATCHED
2026-09-07,GAMMA_BAL,9.804923,9.804923,0.0,0.0,MATCHED
2026-09-08,GAMMA_BAL,9.733967,9.733967,0.0,0.0,MATCHED
2026-09-09,GAMMA_BAL,9.730518,9.730518,0.0,0.0,MATCHED
2026-09-10,GAMMA_BAL,9.692853,9.692853,0.0,0.0,MATCHED
2026-09-11,GAMMA_BAL,9.686481,9.686481,0.0,0.0,MATCHED
2026-09-14,GAMMA_BAL,9.70034,9.70034,0.0,0.0,MATCHED
2026-09-15,GAMMA_BAL,9.596056,9.596056,0.0,0.0,MATCHED
2026-09-16,GAMMA_BAL,9.582808,9.582808,0.0,0.0,MATCHED
2026-09-17,GAMMA_BAL,9.650354,9.650354,0.0,0.0,MATCHED
2026-09-18,GAMMA_BAL,9.606826,9.606826,0.0,0.0,MATCHED
2026-09-21,GAMMA_BAL,9.543007,9.543007,0.0,0.0,MATCHED
2026-09-22,GAMMA_BAL,9.458778,9.458778,0.0,0.0,MATCHED
2026-09-23,GAMMA_BAL,9.417266,9.417266,0.0,0.0,MATCHED
2026-09-24,GAMMA_BAL,9.380169,9.380169,0.0,0.0,MATCHED
2026-09-25,GAMMA_BAL,9.361805,9.361805,0.0,0.0,MATCHED
2026-09-28,GAMMA_BAL,9.279126,9.279126,0.0,0.0,MATCHED
2026-09-29,GAMMA_BAL,9.237167,9.237167,0.0,0.0,MATCHED
2026-09-30,GAMMA_BAL,9.226041,9.233422,0.080002,0.080002,NAV_BREAK
2026-10-01,GAMMA_BAL,9.214122,9.214122,0.0,0.0,MATCHED
2026-10-02,GAMMA_BAL,9.179138,9.179138,0.0,0.0,MATCHED
2026-10-05,GAMMA_BAL,9.185587,9.185587,0.0,0.0,MATCHED
2026-10-06,GAMMA_BAL,9.19379,9.19379,0.0,0.0,MATCHED
