nav_date,fund_code,published_nav,rta_name
2026-08-26,ALPHA_EQ,9.943427,CAMS
2026-08-27,ALPHA_EQ,9.936565,CAMS
2026-08-28,ALPHA_EQ,9.933773,CAMS
2026-08-31,ALPHA_EQ,9.898302,CAMS
2026-09-01,ALPHA_EQ,9.820425,CAMS
2026-09-02,ALPHA_EQ,9.842132,CAMS
2026-09-03,ALPHA_EQ,9.899737,CAMS
2026-09-04,ALPHA_EQ,9.89249,CAMS
2026-09-07,ALPHA_EQ,9.860572,CAMS
2026-09-08,ALPHA_EQ,9.773074,CAMS
2026-09-09,ALPHA_EQ,9.743893,CAMS
2026-09-10,ALPHA_EQ,9.752703,CAMS
2026-09-11,ALPHA_EQ,9.731765,CAMS
2026-09-14,ALPHA_EQ,9.772239,CAMS
2026-09-15,ALPHA_EQ,9.633922,CAMS
2026-09-16,ALPHA_EQ,9.547452,CAMS
2026-09-17,ALPHA_EQ,9.655201,CAMS
2026-09-18,ALPHA_EQ,9.595443,CAMS
2026-09-21,ALPHA_EQ,9.64858,CAMS
2026-09-22,ALPHA_EQ,9.537077,CAMS
2026-09-23,ALPHA_EQ,9.543173,CAMS
2026-09-24,ALPHA_EQ,9.527389,CAMS
2026-09-25,ALPHA_EQ,9.508811,CAMS
2026-09-28,ALPHA_EQ,9.428119,CAMS
2026-09-29,ALPHA_EQ,9.453997,CAMS
2026-09-30,ALPHA_EQ,9.507771,CAMS
2026-10-01,ALPHA_EQ,9.52751,CAMS
2026-10-02,ALPHA_EQ,9.496706,CAMS
2026-10-05,ALPHA_EQ,9.547956,CAMS
2026-10-06,ALPHA_EQ,9.560259,CAMS
2026-08-26,BETA_DEBT,9.99033,Karvy
2026-08-27,BETA_DEBT,9.981902,Karvy
2026-08-28,BETA_DEBT,9.982631,Karvy
2026-08-31,BETA_DEBT,9.964211,Karvy
2026-09-01,BETA_DEBT,9.93029,Karvy
2026-09-02,BETA_DEBT,9.922044,Karvy
2026-09-03,BETA_DEBT,9.89137,Karvy
2026-09-04,BETA_DEBT,9.890122,Karvy
2026-09-07,BETA_DEBT,9.880133,Karvy
2026-09-08,BETA_DEBT,9.839376,Karvy
2026-09-09,BETA_DEBT,9.833896,Karvy
2026-09-10,BETA_DEBT,9.813187,Karvy
2026-09-11,BETA_DEBT,9.772904,Karvy
2026-09-14,BETA_DEBT,9.734823,Karvy
2026-09-15,BETA_DEBT,9.6133,Karvy
2026-09-16,BETA_DEBT,9.615933,Karvy
2026-09-17,BETA_DEBT,9.611942,Karvy
2026-09-18,BETA_DEBT,9.586725,Karvy
2026-09-21,BETA_DEBT,9.567045,Karvy
2026-09-22,BETA_DEBT,9.540568,Karvy
2026-09-23,BETA_DEBT,9.498761,Karvy
2026-09-24,BETA_DEBT,9.494902,Karvy
2026-09-25,BETA_DEBT,9.474356,Karvy
2026-09-28,BETA_DEBT,9.454353,Karvy
2026-09-29,BETA_DEBT,9.428106,Karvy
2026-09-30,BETA_DEBT,9.415486,Karvy
2026-10-01,BETA_DEBT,9.41194,Karvy
2026-10-02,BETA_DEBT,9.384116,Karvy
2026-10-05,BETA_DEBT,9.372566,Karvy
2026-10-06,BETA_DEBT,9.354638,Karvy
2026-08-26,GAMMA_BAL,9.991182,CAMS
2026-08-27,GAMMA_BAL,9.978247,CAMS
2026-08-28,GAMMA_BAL,9.989166,CAMS
2026-08-31,GAMMA_BAL,9.948075,CAMS
2026-09-01,GAMMA_BAL,9.891254,CAMS
2026-09-02,GAMMA_BAL,9.870563,CAMS
2026-09-03,GAMMA_BAL,9.84613,CAMS
2026-09-04,GAMMA_BAL,9.855566,CAMS
2026-09-07,GAMMA_BAL,9.804923,CAMS
2026-09-08,GAMMA_BAL,9.733967,CAMS
2026-09-09,GAMMA_BAL,9.730518,CAMS
2026-09-10,GAMMA_BAL,9.692853,CAMS
2026-09-11,GAMMA_BAL,9.686481,CAMS
2026-09-14,GAMMA_BAL,9.70034,CAMS
2026-09-15,GAMMA_BAL,9.596056,CAMS
2026-09-16,GAMMA_BAL,9.582808,CAMS
2026-09-17,GAMMA_BAL,9.650354,CAMS
2026-09-18,GAMMA_BAL,9.606826,CAMS
2026-09-21,GAMMA_BAL,9.543007,CAMS
2026-09-22,GAMMA_BAL,9.458778,CAMS
2026-09-23,GAMMA_BAL,9.417266,CAMS
2026-09-24,GAMMA_BAL,9.380169,CAMS
2026-09-25,GAMMA_BAL,9.361805,CAMS
2026-09-28,GAMMA_BAL,9.279126,CAMS
2026-09-29,GAMMA_BAL,9.237167,CAMS
2026-09-30,GAMMA_BAL,9.233422,CAMS
2026-10-01,GAMMA_BAL,9.214122,CAMS
2026-10-02,GAMMA_BAL,9.179138,CAMS
2026-10-05,GAMMA_BAL,9.185587,CAMS
2026-10-06,GAMMA_BAL,9.19379,CAMS
