txn_id,txn_date,fund_code,txn_type,counterparty,units,qty,price,cash_impact,rate,description
1,2026-08-26,ALPHA_EQ,REDEMPTION,Ananya Gupta,-12114.1231,,,-121141.23,10.0,Redemption by Ananya Gupta (AANJG3456F)
2,2026-08-26,ALPHA_EQ,SUBSCRIPTION,Karan Singh,24899.383,,,248993.83,10.0,Subscription by Karan Singh (AKLSG4567G)
3,2026-08-26,ALPHA_EQ,TRADE,ICICIBANK,,-200,1226.9544,245390.88,,SELL 200 ICICIBANK @ 1226.9544
4,2026-08-26,BETA_DEBT,SUBSCRIPTION,Aarav Sharma,41722.145,,,417221.45,10.0,Subscription by Aarav Sharma (AAAPS1234A)
5,2026-08-26,BETA_DEBT,TRADE,CP-TATA,,2000,99.7675,-199535.0,,BUY 2000 CP-TATA @ 99.7675
6,2026-08-26,GAMMA_BAL,REDEMPTION,Vikram Reddy,-29751.1956,,,-297511.96,10.0,Redemption by Vikram Reddy (AVBRS7890E)
7,2026-08-26,GAMMA_BAL,SUBSCRIPTION,Aarav Sharma,26646.531,,,266465.31,10.0,Subscription by Aarav Sharma (AAAPS1234A)
8,2026-08-26,GAMMA_BAL,TRADE,INFY,,-4000,1570.1277,6280510.8,,SELL 4000 INFY @ 1570.1277
9,2026-08-26,GAMMA_BAL,TRADE,SDL-MH-32,,-3000,101.345,304035.0,,SELL 3000 SDL-MH-32 @ 101.345
10,2026-08-26,GAMMA_BAL,TRADE,SDL-MH-32,,-200,101.295,20259.0,,SELL 200 SDL-MH-32 @ 101.295
11,2026-08-27,ALPHA_EQ,REDEMPTION,Karan Singh,-10047.9424,,,-100274.79,9.9796,Redemption by Karan Singh (AKLSG4567G)
12,2026-08-27,ALPHA_EQ,TRADE,TCS,,-4000,3643.4017,14573606.8,,SELL 4000 TCS @ 3643.4017
13,2026-08-27,ALPHA_EQ,TRADE,HDFCBANK,,600,1634.8268,-980896.08,,BUY 600 HDFCBANK @ 1634.8268
14,2026-08-27,BETA_DEBT,SUBSCRIPTION,Priya Nair,15737.0641,,,158054.33,10.0434,Subscription by Priya Nair (ABCPN5678B)
15,2026-08-27,BETA_DEBT,TRADE,SDL-MH-32,,-800,101.2528,81002.24,,SELL 800 SDL-MH-32 @ 101.2528
16,2026-08-27,BETA_DEBT,TRADE,GOI7.26-36,,-600,102.9844,61790.64,,SELL 600 GOI7.26-36 @ 102.9844
17,2026-08-27,BETA_DEBT,TRADE,CP-TATA,,1000,99.8151,-99815.1,,BUY 1000 CP-TATA @ 99.8151
18,2026-08-27,GAMMA_BAL,REDEMPTION,Vikram Reddy,-35174.7246,,,-349361.9,9.9322,Redemption by Vikram Reddy (AVBRS7890E)
19,2026-08-27,GAMMA_BAL,SUBSCRIPTION,Ananya Gupta,8075.2557,,,80204.94,9.9322,Subscription by Ananya Gupta (AANJG3456F)
20,2026-08-27,GAMMA_BAL,TRADE,HDFCBANK,,-500,1633.7538,816876.9,,SELL 500 HDFCBANK @ 1633.7538
21,2026-08-28,ALPHA_EQ,TRADE,ITC,,-4000,473.7985,1895194.0,,SELL 4000 ITC @ 473.7985
22,2026-08-28,ALPHA_EQ,TRADE,HDFCBANK,,1000,1658.0993,-1658099.3,,BUY 1000 HDFCBANK @ 1658.0993
23,2026-08-28,BETA_DEBT,REDEMPTION,Meera Joshi,-29467.3746,,,-295994.76,10.0448,Redemption by Meera Joshi (MMJMJ7890K)
24,2026-08-28,BETA_DEBT,SUBSCRIPTION,Meera Joshi,20612.8054,,,207052.12,10.0448,Subscription by Meera Joshi (MMJMJ7890K)
25,2026-08-28,BETA_DEBT,TRADE,GOI8.2-33,,-800,108.7414,86993.12,,SELL 800 GOI8.2-33 @ 108.7414
26,2026-08-28,GAMMA_BAL,REDEMPTION,Rahul Mehta,-35731.8416,,,-357500.56,10.0051,Redemption by Rahul Mehta (ACARM6789C)
27,2026-08-28,GAMMA_BAL,TRADE,HDFCBANK,,-400,1655.7083,662283.32,,SELL 400 HDFCBANK @ 1655.7083
28,2026-08-28,GAMMA_BAL,TRADE,MARUTI,,-1200,1835.318,2202381.6,,SELL 1200 MARUTI @ 1835.318
29,2026-08-31,ALPHA_EQ,TRADE,RELIANCE,,2500,1451.5667,-3628916.75,,BUY 2500 RELIANCE @ 1451.5667
30,2026-08-31,ALPHA_EQ,TRADE,HDFCBANK,,3000,1649.6733,-4949019.9,,BUY 3000 HDFCBANK @ 1649.6733
31,2026-08-31,BETA_DEBT,SUBSCRIPTION,Arjun Patel,14374.4967,,,144931.75,10.0826,Subscription by Arjun Patel (APAPL6789I)
32,2026-08-31,BETA_DEBT,TRADE,NCD-REL,,3000,1003.9723,-3011916.9,,BUY 3000 NCD-REL @ 1003.9723
33,2026-08-31,BETA_DEBT,TRADE,CP-TATA,,4000,99.9297,-399718.8,,BUY 4000 CP-TATA @ 99.9297
34,2026-08-31,GAMMA_BAL,REDEMPTION,Rahul Mehta,-39008.1373,,,-388431.44,9.9577,Redemption by Rahul Mehta (ACARM6789C)
35,2026-08-31,GAMMA_BAL,TRADE,HDFCBANK,,-800,1649.6863,1319749.04,,SELL 800 HDFCBANK @ 1649.6863
36,2026-09-01,ALPHA_EQ,SUBSCRIPTION,Arjun Patel,15934.6371,,,157718.43,9.8978,Subscription by Arjun Patel (APAPL6789I)
37,2026-09-01,ALPHA_EQ,TRADE,ITC,,-3000,485.4189,1456256.7,,SELL 3000 ITC @ 485.4189
38,2026-09-01,ALPHA_EQ,TRADE,ITC,,600,485.2168,-291130.08,,BUY 600 ITC @ 485.2168
39,2026-09-01,ALPHA_EQ,TRADE,HDFCBANK,,500,1620.2088,-810104.4,,BUY 500 HDFCBANK @ 1620.2088
40,2026-09-01,BETA_DEBT,REDEMPTION,Rahul Mehta,-26182.7568,,,-262604.15,10.0297,Redemption by Rahul Mehta (ACARM6789C)
41,2026-09-01,BETA_DEBT,SUBSCRIPTION,Vikram Reddy,43955.7023,,,440860.75,10.0297,Subscription by Vikram Reddy (AVBRS7890E)
42,2026-09-01,BETA_DEBT,TRADE,CP-TATA,,-800,99.8719,79897.52,,SELL 800 CP-TATA @ 99.8719
43,2026-09-01,BETA_DEBT,TRADE,CP-TATA,,600,99.8475,-59908.5,,BUY 600 CP-TATA @ 99.8475
44,2026-09-01,GAMMA_BAL,TRADE,LT,,-1600,2363.8623,3782179.68,,SELL 1600 LT @ 2363.8623
45,2026-09-01,GAMMA_BAL,TRADE,INFY,,-400,1621.5505,648620.2,,SELL 400 INFY @ 1621.5505
46,2026-09-02,ALPHA_EQ,REDEMPTION,Priya Nair,-27810.5043,,,-276185.36,9.931,Redemption by Priya Nair (ABCPN5678B)
47,2026-09-02,ALPHA_EQ,TRADE,INFY,,3000,1635.6374,-4906912.2,,BUY 3000 INFY @ 1635.6374
48,2026-09-02,ALPHA_EQ,TRADE,TCS,,400,3635.9043,-1454361.72,,BUY 400 TCS @ 3635.9043
49,2026-09-02,BETA_DEBT,REDEMPTION,Karan Singh,-23700.7055,,,-234413.01,9.8905,Redemption by Karan Singh (AKLSG4567G)
50,2026-09-02,BETA_DEBT,SUBSCRIPTION,Meera Joshi,28974.4822,,,286573.56,9.8905,Subscription by Meera Joshi (MMJMJ7890K)
51,2026-09-02,BETA_DEBT,TRADE,NCD-REL,,-400,1002.6867,401074.68,,SELL 400 NCD-REL @ 1002.6867
52,2026-09-02,BETA_DEBT,TRADE,CP-TATA,,-4000,99.897,399588.0,,SELL 4000 CP-TATA @ 99.897
53,2026-09-02,GAMMA_BAL,SUBSCRIPTION,Vikram Reddy,3719.406,,,37087.61,9.9714,Subscription by Vikram Reddy (AVBRS7890E)
54,2026-09-02,GAMMA_BAL,TRADE,MARUTI,,800,1840.7861,-1472628.88,,BUY 800 MARUTI @ 1840.7861
55,2026-09-02,GAMMA_BAL,TRADE,INFY,,200,1634.1524,-326830.48,,BUY 200 INFY @ 1634.1524
56,2026-09-03,ALPHA_EQ,REDEMPTION,Ananya Gupta,-27152.0603,,,-267407.73,9.8485,Redemption by Ananya Gupta (AANJG3456F)
57,2026-09-03,ALPHA_EQ,TRADE,HDFCBANK,,400,1630.6561,-652262.44,,BUY 400 HDFCBANK @ 1630.6561
58,2026-09-03,ALPHA_EQ,TRADE,TCS,,1400,3672.024,-5140833.6,,BUY 1400 TCS @ 3672.024
59,2026-09-03,ALPHA_EQ,TRADE,INFY,,-3000,1643.3737,4930121.1,,SELL 3000 INFY @ 1643.3737
60,2026-09-03,BETA_DEBT,REDEMPTION,Aarav Sharma,-54632.3226,,,-543413.0,9.9467,Redemption by Aarav Sharma (AAAPS1234A)
61,2026-09-03,BETA_DEBT,SUBSCRIPTION,Vikram Reddy,28317.95,,,281671.02,9.9467,Subscription by Vikram Reddy (AVBRS7890E)
62,2026-09-03,BETA_DEBT,TRADE,GOI8.2-33,,-1200,109.11,130932.0,,SELL 1200 GOI8.2-33 @ 109.11
63,2026-09-03,BETA_DEBT,TRADE,NCD-REL,,500,1002.499,-501249.5,,BUY 500 NCD-REL @ 1002.499
64,2026-09-03,BETA_DEBT,TRADE,GOI8.2-33,,600,109.4061,-65643.66,,BUY 600 GOI8.2-33 @ 109.4061
65,2026-09-03,GAMMA_BAL,REDEMPTION,Arjun Patel,-8038.4062,,,-78960.08,9.8229,Redemption by Arjun Patel (APAPL6789I)
66,2026-09-03,GAMMA_BAL,TRADE,LT,,-1200,2416.2803,2899536.36,,SELL 1200 LT @ 2416.2803
67,2026-09-03,GAMMA_BAL,TRADE,MARUTI,,-300,1831.1902,549357.06,,SELL 300 MARUTI @ 1831.1902
68,2026-09-04,ALPHA_EQ,SUBSCRIPTION,Aarav Sharma,17966.6166,,,176807.91,9.8409,Subscription by Aarav Sharma (AAAPS1234A)
69,2026-09-04,ALPHA_EQ,TRADE,TCS,,2000,3711.2376,-7422475.2,,BUY 2000 TCS @ 3711.2376
70,2026-09-04,ALPHA_EQ,TRADE,ITC,,3000,471.9884,-1415965.2,,BUY 3000 ITC @ 471.9884
71,2026-09-04,ALPHA_EQ,TRADE,ICICIBANK,,-700,1251.4836,876038.52,,SELL 700 ICICIBANK @ 1251.4836
72,2026-09-04,BETA_DEBT,REDEMPTION,Rahul Mehta,-59857.8995,,,-596336.84,9.9625,Redemption by Rahul Mehta (ACARM6789C)
73,2026-09-04,BETA_DEBT,SUBSCRIPTION,Priya Nair,701.5519,,,6989.24,9.9625,Subscription by Priya Nair (ABCPN5678B)
74,2026-09-04,BETA_DEBT,TRADE,SDL-MH-32,,-800,102.0101,81608.08,,SELL 800 SDL-MH-32 @ 102.0101
75,2026-09-04,GAMMA_BAL,SUBSCRIPTION,Deepa Kulkarni,14616.6738,,,143412.18,9.8115,Subscription by Deepa Kulkarni (DKDKL5678H)
76,2026-09-04,GAMMA_BAL,TRADE,HDFCBANK,,1500,1656.3549,-2484532.35,,BUY 1500 HDFCBANK @ 1656.3549
77,2026-09-04,GAMMA_BAL,TRADE,GOI7.26-36,,-3000,103.4126,310237.8,,SELL 3000 GOI7.26-36 @ 103.4126
78,2026-09-07,ALPHA_EQ,REDEMPTION,Ananya Gupta,-28866.4405,,,-286347.76,9.9197,Redemption by Ananya Gupta (AANJG3456F)
79,2026-09-07,ALPHA_EQ,SUBSCRIPTION,Rahul Mehta,32556.0701,,,322947.95,9.9197,Subscription by Rahul Mehta (ACARM6789C)
80,2026-09-07,ALPHA_EQ,TRADE,INFY,,-3000,1654.5497,4963649.1,,SELL 3000 INFY @ 1654.5497
81,2026-09-07,ALPHA_EQ,TRADE,TCS,,-2500,3708.4989,9271247.25,,SELL 2500 TCS @ 3708.4989
82,2026-09-07,BETA_DEBT,SUBSCRIPTION,Karan Singh,17794.5931,,,178943.58,10.0561,Subscription by Karan Singh (AKLSG4567G)
83,2026-09-07,BETA_DEBT,TRADE,NCD-REL,,-400,1000.4645,400185.8,,SELL 400 NCD-REL @ 1000.4645
84,2026-09-07,GAMMA_BAL,REDEMPTION,Sneha Iyer,-10206.0002,,,-99575.63,9.7566,Redemption by Sneha Iyer (ADSIS2345D)
85,2026-09-07,GAMMA_BAL,TRADE,HDFCBANK,,1500,1633.0006,-2449500.9,,BUY 1500 HDFCBANK @ 1633.0006
86,2026-09-07,GAMMA_BAL,TRADE,LT,,800,2478.4679,-1982774.32,,BUY 800 LT @ 2478.4679
87,2026-09-07,GAMMA_BAL,TRADE,MARUTI,,100,1788.0329,-178803.29,,BUY 100 MARUTI @ 1788.0329
88,2026-09-08,ALPHA_EQ,REDEMPTION,Priya Nair,-20683.5023,,,-204064.96,9.8661,Redemption by Priya Nair (ABCPN5678B)
89,2026-09-08,ALPHA_EQ,SUBSCRIPTION,Meera Joshi,35992.7504,,,355107.14,9.8661,Subscription by Meera Joshi (MMJMJ7890K)
90,2026-09-08,ALPHA_EQ,TRADE,RELIANCE,,1400,1521.1175,-2129564.5,,BUY 1400 RELIANCE @ 1521.1175
91,2026-09-08,BETA_DEBT,SUBSCRIPTION,Sneha Iyer,27458.8446,,,277523.96,10.1069,Subscription by Sneha Iyer (ADSIS2345D)
92,2026-09-08,BETA_DEBT,TRADE,CP-TATA,,700,99.9765,-69983.55,,BUY 700 CP-TATA @ 99.9765
93,2026-09-08,GAMMA_BAL,SUBSCRIPTION,Aarav Sharma,39249.7373,,,386547.55,9.8484,Subscription by Aarav Sharma (AAAPS1234A)
94,2026-09-08,GAMMA_BAL,TRADE,GOI7.26-36,,-2000,103.124,206248.0,,SELL 2000 GOI7.26-36 @ 103.124
95,2026-09-08,GAMMA_BAL,TRADE,INFY,,1000,1643.1849,-1643184.9,,BUY 1000 INFY @ 1643.1849
96,2026-09-09,ALPHA_EQ,REDEMPTION,Deepa Kulkarni,-14546.9173,,,-143204.96,9.8444,Redemption by Deepa Kulkarni (DKDKL5678H)
97,2026-09-09,ALPHA_EQ,SUBSCRIPTION,Vikram Reddy,3944.2437,,,38828.52,9.8444,Subscription by Vikram Reddy (AVBRS7890E)
98,2026-09-09,ALPHA_EQ,TRADE,HDFCBANK,,-1000,1623.0098,1623009.8,,SELL 1000 HDFCBANK @ 1623.0098
99,2026-09-09,ALPHA_EQ,TRADE,ITC,,-400,472.9039,189161.56,,SELL 400 ITC @ 472.9039
100,2026-09-09,BETA_DEBT,TRADE,SDL-MH-32,,-3500,102.7628,359669.8,,SELL 3500 SDL-MH-32 @ 102.7628
101,2026-09-09,GAMMA_BAL,REDEMPTION,Ananya Gupta,-43322.2092,,,-428719.45,9.8961,Redemption by Ananya Gupta (AANJG3456F)
102,2026-09-09,GAMMA_BAL,SUBSCRIPTION,Ananya Gupta,9435.5058,,,93374.39,9.8961,Subscription by Ananya Gupta (AANJG3456F)
103,2026-09-09,GAMMA_BAL,TRADE,INFY,,800,1622.1782,-1297742.56,,BUY 800 INFY @ 1622.1782
104,2026-09-10,ALPHA_EQ,REDEMPTION,Rahul Mehta,-22085.6419,,,-216185.82,9.7885,Redemption by Rahul Mehta (ACARM6789C)
105,2026-09-10,ALPHA_EQ,TRADE,INFY,,200,1614.4442,-322888.84,,BUY 200 INFY @ 1614.4442
106,2026-09-10,ALPHA_EQ,TRADE,ITC,,-800,474.4183,379534.64,,SELL 800 ITC @ 474.4183
107,2026-09-10,BETA_DEBT,REDEMPTION,Aarav Sharma,-18792.4163,,,-192075.03,10.2209,Redemption by Aarav Sharma (AAAPS1234A)
108,2026-09-10,BETA_DEBT,TRADE,CP-TATA,,1000,99.8919,-99891.9,,BUY 1000 CP-TATA @ 99.8919
109,2026-09-10,BETA_DEBT,TRADE,GOI7.26-36,,-2000,103.8077,207615.4,,SELL 2000 GOI7.26-36 @ 103.8077
110,2026-09-10,GAMMA_BAL,REDEMPTION,Karan Singh,-8668.3649,,,-86824.66,10.0163,Redemption by Karan Singh (AKLSG4567G)
111,2026-09-10,GAMMA_BAL,SUBSCRIPTION,Vikram Reddy,6301.3105,,,63115.61,10.0163,Subscription by Vikram Reddy (AVBRS7890E)
112,2026-09-10,GAMMA_BAL,TRADE,MARUTI,,1000,1845.4927,-1845492.7,,BUY 1000 MARUTI @ 1845.4927
113,2026-09-10,GAMMA_BAL,TRADE,GOI7.26-36,,-4000,103.8612,415444.8,,SELL 4000 GOI7.26-36 @ 103.8612
114,2026-09-10,GAMMA_BAL,TRADE,GOI7.26-36,,-600,103.5828,62149.68,,SELL 600 GOI7.26-36 @ 103.5828
115,2026-09-11,ALPHA_EQ,REDEMPTION,Sneha Iyer,-11453.8061,,,-111514.36,9.736,Redemption by Sneha Iyer (ADSIS2345D)
116,2026-09-11,ALPHA_EQ,SUBSCRIPTION,Aarav Sharma,8132.5789,,,79178.86,9.736,Subscription by Aarav Sharma (AAAPS1234A)
117,2026-09-11,ALPHA_EQ,TRADE,HDFCBANK,,-2000,1662.0691,3324138.2,,SELL 2000 HDFCBANK @ 1662.0691
118,2026-09-11,BETA_DEBT,REDEMPTION,Arjun Patel,-25500.4103,,,-259541.83,10.1779,Redemption by Arjun Patel (APAPL6789I)
119,2026-09-11,BETA_DEBT,SUBSCRIPTION,Priya Nair,13672.4675,,,139157.65,10.1779,Subscription by Priya Nair (ABCPN5678B)
120,2026-09-11,BETA_DEBT,TRADE,CP-TATA,,-1000,99.9364,99936.4,,SELL 1000 CP-TATA @ 99.9364
121,2026-09-11,GAMMA_BAL,REDEMPTION,Ananya Gupta,-40371.1867,,,-401264.68,9.9394,Redemption by Ananya Gupta (AANJG3456F)
122,2026-09-11,GAMMA_BAL,SUBSCRIPTION,Priya Nair,49700.4712,,,493992.01,9.9394,Subscription by Priya Nair (ABCPN5678B)
123,2026-09-11,GAMMA_BAL,TRADE,INFY,,-2000,1624.5208,3249041.6,,SELL 2000 INFY @ 1624.5208
124,2026-09-11,GAMMA_BAL,TRADE,GOI7.26-36,,5000,103.0585,-515292.5,,BUY 5000 GOI7.26-36 @ 103.0585
125,2026-09-14,ALPHA_EQ,SUBSCRIPTION,Arjun Patel,561.3929,,,5460.05,9.7259,Subscription by Arjun Patel (APAPL6789I)
126,2026-09-14,ALPHA_EQ,TRADE,INFY,,600,1661.2448,-996746.88,,BUY 600 INFY @ 1661.2448
127,2026-09-14,BETA_DEBT,REDEMPTION,Ananya Gupta,-10551.4233,,,-107939.17,10.2298,Redemption by Ananya Gupta (AANJG3456F)
128,2026-09-14,BETA_DEBT,SUBSCRIPTION,Aarav Sharma,43382.947,,,443799.79,10.2298,Subscription by Aarav Sharma (AAAPS1234A)
129,2026-09-14,BETA_DEBT,TRADE,GOI7.26-36,,1000,103.1509,-103150.9,,BUY 1000 GOI7.26-36 @ 103.1509
130,2026-09-14,BETA_DEBT,TRADE,NCD-REL,,-3500,988.1857,3458649.95,,SELL 3500 NCD-REL @ 988.1857
131,2026-09-14,GAMMA_BAL,REDEMPTION,Karan Singh,-21683.1488,,,-214780.6,9.9054,Redemption by Karan Singh (AKLSG4567G)
132,2026-09-14,GAMMA_BAL,TRADE,SDL-MH-32,,3000,101.7919,-305375.7,,BUY 3000 SDL-MH-32 @ 101.7919
133,2026-09-14,GAMMA_BAL,TRADE,GOI7.26-36,,7000,103.0997,-721697.9,,BUY 7000 GOI7.26-36 @ 103.0997
134,2026-09-14,GAMMA_BAL,TRADE,SDL-MH-32,,-200,101.706,20341.2,,SELL 200 SDL-MH-32 @ 101.706
135,2026-09-15,ALPHA_EQ,DIVIDEND,UNIT HOLDERS,,,,-1000000.0,,Dividend payout @ Rs 0.10 per unit
136,2026-09-15,ALPHA_EQ,SUBSCRIPTION,Arjun Patel,4494.013,,,44125.97,9.8188,Subscription by Arjun Patel (APAPL6789I)
137,2026-09-15,ALPHA_EQ,TRADE,TCS,,6000,3750.734,-22504404.0,,BUY 6000 TCS @ 3750.734
138,2026-09-15,ALPHA_EQ,TRADE,RELIANCE,,1500,1473.3234,-2209985.1,,BUY 1500 RELIANCE @ 1473.3234
139,2026-09-15,BETA_DEBT,DIVIDEND,UNIT HOLDERS,,,,-2000000.0,,Dividend payout @ Rs 0.10 per unit
140,2026-09-15,BETA_DEBT,TRADE,SDL-MH-32,,1400,102.1732,-143042.48,,BUY 1400 SDL-MH-32 @ 102.1732
141,2026-09-15,GAMMA_BAL,DIVIDEND,UNIT HOLDERS,,,,-1500000.0,,Dividend payout @ Rs 0.10 per unit
142,2026-09-15,GAMMA_BAL,TRADE,GOI7.26-36,,200,102.9587,-20591.74,,BUY 200 GOI7.26-36 @ 102.9587
143,2026-09-16,ALPHA_EQ,TRADE,RELIANCE,,-2500,1462.7558,3656889.5,,SELL 2500 RELIANCE @ 1462.7558
144,2026-09-16,BETA_DEBT,SUBSCRIPTION,Arjun Patel,41070.1977,,,414691.49,10.0971,Subscription by Arjun Patel (APAPL6789I)
145,2026-09-16,BETA_DEBT,TRADE,SDL-MH-32,,-6000,102.5976,615585.6,,SELL 6000 SDL-MH-32 @ 102.5976
146,2026-09-16,BETA_DEBT,TRADE,CP-TATA,,300,99.873,-29961.9,,BUY 300 CP-TATA @ 99.873
147,2026-09-16,GAMMA_BAL,REDEMPTION,Rahul Mehta,-13931.8435,,,-137648.6,9.8801,Redemption by Rahul Mehta (ACARM6789C)
148,2026-09-16,GAMMA_BAL,SUBSCRIPTION,Sneha Iyer,35318.6118,,,348952.91,9.8801,Subscription by Sneha Iyer (ADSIS2345D)
149,2026-09-16,GAMMA_BAL,TRADE,SDL-MH-32,,-4000,102.4505,409802.0,,SELL 4000 SDL-MH-32 @ 102.4505
150,2026-09-17,ALPHA_EQ,SUBSCRIPTION,Aarav Sharma,16313.2814,,,160111.91,9.8148,Subscription by Aarav Sharma (AAAPS1234A)
151,2026-09-17,ALPHA_EQ,TRADE,ITC,,2000,491.2671,-982534.2,,BUY 2000 ITC @ 491.2671
152,2026-09-17,ALPHA_EQ,TRADE,ICICIBANK,,100,1251.473,-125147.3,,BUY 100 ICICIBANK @ 1251.473
153,2026-09-17,ALPHA_EQ,TRADE,INFY,,-100,1728.6216,172862.16,,SELL 100 INFY @ 1728.6216
154,2026-09-17,BETA_DEBT,REDEMPTION,Karan Singh,-22524.5694,,,-226936.8,10.0751,Redemption by Karan Singh (AKLSG4567G)
155,2026-09-17,BETA_DEBT,TRADE,GOI8.2-33,,1400,109.9332,-153906.48,,BUY 1400 GOI8.2-33 @ 109.9332
156,2026-09-17,GAMMA_BAL,SUBSCRIPTION,Vikram Reddy,48184.2198,,,470809.98,9.771,Subscription by Vikram Reddy (AVBRS7890E)
157,2026-09-17,GAMMA_BAL,TRADE,INFY,,-2000,1729.0187,3458037.4,,SELL 2000 INFY @ 1729.0187
158,2026-09-17,GAMMA_BAL,TRADE,SDL-MH-32,,-600,102.7877,61672.62,,SELL 600 SDL-MH-32 @ 102.7877
159,2026-09-17,GAMMA_BAL,TRADE,LT,,300,2467.6064,-740281.92,,BUY 300 LT @ 2467.6064
160,2026-09-18,ALPHA_EQ,SUBSCRIPTION,Rahul Mehta,49019.9958,,,482136.44,9.8355,Subscription by Rahul Mehta (ACARM6789C)
161,2026-09-18,ALPHA_EQ,TRADE,INFY,,300,1749.8716,-524961.48,,BUY 300 INFY @ 1749.8716
162,2026-09-18,ALPHA_EQ,TRADE,ITC,,-8000,481.4158,3851326.4,,SELL 8000 ITC @ 481.4158
163,2026-09-18,ALPHA_EQ,TRADE,INFY,,-3000,1751.8865,5255659.5,,SELL 3000 INFY @ 1751.8865
164,2026-09-18,BETA_DEBT,REDEMPTION,Meera Joshi,-17039.0907,,,-172352.42,10.1151,Redemption by Meera Joshi (MMJMJ7890K)
165,2026-09-18,BETA_DEBT,TRADE,NCD-REL,,400,982.4374,-392974.96,,BUY 400 NCD-REL @ 982.4374
166,2026-09-18,BETA_DEBT,TRADE,GOI7.26-36,,-2000,102.9503,205900.6,,SELL 2000 GOI7.26-36 @ 102.9503
167,2026-09-18,GAMMA_BAL,REDEMPTION,Sneha Iyer,-35109.5864,,,-342462.47,9.7541,Redemption by Sneha Iyer (ADSIS2345D)
168,2026-09-18,GAMMA_BAL,SUBSCRIPTION,Sneha Iyer,920.6476,,,8980.09,9.7541,Subscription by Sneha Iyer (ADSIS2345D)
169,2026-09-18,GAMMA_BAL,TRADE,INFY,,1000,1746.0417,-1746041.7,,BUY 1000 INFY @ 1746.0417
170,2026-09-18,GAMMA_BAL,TRADE,MARUTI,,700,1855.7068,-1298994.76,,BUY 700 MARUTI @ 1855.7068
171,2026-09-18,GAMMA_BAL,TRADE,MARUTI,,-100,1856.6252,185662.52,,SELL 100 MARUTI @ 1856.6252
172,2026-09-21,ALPHA_EQ,REDEMPTION,Ananya Gupta,-23724.1569,,,-232009.45,9.7795,Redemption by Ananya Gupta (AANJG3456F)
173,2026-09-21,ALPHA_EQ,SUBSCRIPTION,Meera Joshi,15376.1647,,,150370.59,9.7795,Subscription by Meera Joshi (MMJMJ7890K)
174,2026-09-21,ALPHA_EQ,TRADE,HDFCBANK,,-1600,1712.1934,2739509.44,,SELL 1600 HDFCBANK @ 1712.1934
175,2026-09-21,BETA_DEBT,REDEMPTION,Deepa Kulkarni,-27702.5282,,,-280207.24,10.1149,Redemption by Deepa Kulkarni (DKDKL5678H)
176,2026-09-21,BETA_DEBT,SUBSCRIPTION,Vikram Reddy,40171.0963,,,406325.08,10.1149,Subscription by Vikram Reddy (AVBRS7890E)
177,2026-09-21,BETA_DEBT,TRADE,NCD-REL,,600,986.5167,-591910.02,,BUY 600 NCD-REL @ 986.5167
178,2026-09-21,BETA_DEBT,TRADE,CP-TATA,,-3500,99.7882,349258.7,,SELL 3500 CP-TATA @ 99.7882
179,2026-09-21,GAMMA_BAL,REDEMPTION,Ananya Gupta,-38255.5607,,,-372840.05,9.746,Redemption by Ananya Gupta (AANJG3456F)
180,2026-09-21,GAMMA_BAL,SUBSCRIPTION,Rahul Mehta,4142.0391,,,40368.46,9.746,Subscription by Rahul Mehta (ACARM6789C)
181,2026-09-21,GAMMA_BAL,TRADE,INFY,,-1000,1755.5971,1755597.1,,SELL 1000 INFY @ 1755.5971
182,2026-09-21,GAMMA_BAL,TRADE,INFY,,-2000,1758.269,3516538.0,,SELL 2000 INFY @ 1758.269
183,2026-09-21,GAMMA_BAL,TRADE,LT,,-2000,2394.917,4789834.0,,SELL 2000 LT @ 2394.917
184,2026-09-22,ALPHA_EQ,REDEMPTION,Rahul Mehta,-27935.8875,,,-274921.11,9.8411,Redemption by Rahul Mehta (ACARM6789C)
185,2026-09-22,ALPHA_EQ,SUBSCRIPTION,Sneha Iyer,33014.0076,,,324895.63,9.8411,Subscription by Sneha Iyer (ADSIS2345D)
186,2026-09-22,ALPHA_EQ,TRADE,TCS,,1500,3777.6584,-5666487.6,,BUY 1500 TCS @ 3777.6584
187,2026-09-22,ALPHA_EQ,TRADE,RELIANCE,,-1500,1492.4698,2238704.7,,SELL 1500 RELIANCE @ 1492.4698
188,2026-09-22,BETA_DEBT,REDEMPTION,Sneha Iyer,-47081.6511,,,-473638.02,10.0599,Redemption by Sneha Iyer (ADSIS2345D)
189,2026-09-22,BETA_DEBT,SUBSCRIPTION,Ananya Gupta,29734.7135,,,299129.08,10.0599,Subscription by Ananya Gupta (AANJG3456F)
190,2026-09-22,BETA_DEBT,TRADE,NCD-REL,,-200,985.0992,197019.84,,SELL 200 NCD-REL @ 985.0992
191,2026-09-22,BETA_DEBT,TRADE,GOI8.2-33,,-4000,109.6287,438514.8,,SELL 4000 GOI8.2-33 @ 109.6287
192,2026-09-22,GAMMA_BAL,REDEMPTION,Priya Nair,-20488.2436,,,-198859.25,9.706,Redemption by Priya Nair (ABCPN5678B)
193,2026-09-22,GAMMA_BAL,SUBSCRIPTION,Deepa Kulkarni,7337.5696,,,71218.58,9.706,Subscription by Deepa Kulkarni (DKDKL5678H)
194,2026-09-22,GAMMA_BAL,TRADE,GOI7.26-36,,1500,102.9022,-154353.3,,BUY 1500 GOI7.26-36 @ 102.9022
195,2026-09-22,GAMMA_BAL,TRADE,MARUTI,,7000,1820.1841,-12741288.7,,BUY 7000 MARUTI @ 1820.1841
196,2026-09-23,ALPHA_EQ,TRADE,RELIANCE,,6000,1483.9879,-8903927.4,,BUY 6000 RELIANCE @ 1483.9879
197,2026-09-23,ALPHA_EQ,TRADE,HDFCBANK,,-8000,1692.2719,13538175.2,,SELL 8000 HDFCBANK @ 1692.2719
198,2026-09-23,BETA_DEBT,REDEMPTION,Rahul Mehta,-28639.9614,,,-291513.69,10.1786,Redemption by Rahul Mehta (ACARM6789C)
199,2026-09-23,BETA_DEBT,SUBSCRIPTION,Sneha Iyer,9113.3362,,,92760.68,10.1786,Subscription by Sneha Iyer (ADSIS2345D)
200,2026-09-23,BETA_DEBT,TRADE,GOI8.2-33,,-1000,109.4838,109483.8,,SELL 1000 GOI8.2-33 @ 109.4838
201,2026-09-23,BETA_DEBT,TRADE,GOI8.2-33,,-2000,109.3705,218741.0,,SELL 2000 GOI8.2-33 @ 109.3705
202,2026-09-23,GAMMA_BAL,SUBSCRIPTION,Vikram Reddy,6759.425,,,65974.76,9.7604,Subscription by Vikram Reddy (AVBRS7890E)
203,2026-09-23,GAMMA_BAL,TRADE,MARUTI,,-600,1796.087,1077652.2,,SELL 600 MARUTI @ 1796.087
204,2026-09-24,ALPHA_EQ,REDEMPTION,Deepa Kulkarni,-17808.875,,,-176785.04,9.9268,Redemption by Deepa Kulkarni (DKDKL5678H)
205,2026-09-24,ALPHA_EQ,TRADE,HDFCBANK,,-400,1699.0984,679639.36,,SELL 400 HDFCBANK @ 1699.0984
206,2026-09-24,BETA_DEBT,SUBSCRIPTION,Aarav Sharma,947.0865,,,9673.46,10.2139,Subscription by Aarav Sharma (AAAPS1234A)
207,2026-09-24,BETA_DEBT,TRADE,NCD-REL,,800,980.541,-784432.8,,BUY 800 NCD-REL @ 980.541
208,2026-09-24,BETA_DEBT,TRADE,GOI7.26-36,,300,103.0269,-30908.07,,BUY 300 GOI7.26-36 @ 103.0269
209,2026-09-24,BETA_DEBT,TRADE,NCD-REL,,-3000,978.676,2936028.0,,SELL 3000 NCD-REL @ 978.676
210,2026-09-24,GAMMA_BAL,REDEMPTION,Deepa Kulkarni,-15961.2272,,,-155572.74,9.7469,Redemption by Deepa Kulkarni (DKDKL5678H)
211,2026-09-24,GAMMA_BAL,TRADE,MARUTI,,4000,1769.1959,-7076783.6,,BUY 4000 MARUTI @ 1769.1959
212,2026-09-25,ALPHA_EQ,REDEMPTION,Vikram Reddy,-14934.6402,,,-145874.72,9.7675,Redemption by Vikram Reddy (AVBRS7890E)
213,2026-09-25,ALPHA_EQ,SUBSCRIPTION,Karan Singh,44593.109,,,435565.06,9.7675,Subscription by Karan Singh (AKLSG4567G)
214,2026-09-25,ALPHA_EQ,TRADE,ITC,,-1500,463.1217,694682.55,,SELL 1500 ITC @ 463.1217
215,2026-09-25,ALPHA_EQ,TRADE,ITC,,-1000,463.314,463314.0,,SELL 1000 ITC @ 463.314
216,2026-09-25,BETA_DEBT,REDEMPTION,Priya Nair,-47706.6767,,,-493657.09,10.3478,Redemption by Priya Nair (ABCPN5678B)
217,2026-09-25,BETA_DEBT,SUBSCRIPTION,Sneha Iyer,1478.677,,,15300.99,10.3478,Subscription by Sneha Iyer (ADSIS2345D)
218,2026-09-25,BETA_DEBT,TRADE,SDL-MH-32,,-800,103.1636,82530.88,,SELL 800 SDL-MH-32 @ 103.1636
219,2026-09-25,BETA_DEBT,TRADE,GOI8.2-33,,500,109.168,-54584.0,,BUY 500 GOI8.2-33 @ 109.168
220,2026-09-25,GAMMA_BAL,REDEMPTION,Karan Singh,-19998.4613,,,-193888.36,9.6952,Redemption by Karan Singh (AKLSG4567G)
221,2026-09-25,GAMMA_BAL,SUBSCRIPTION,Sneha Iyer,23409.8843,,,226962.66,9.6952,Subscription by Sneha Iyer (ADSIS2345D)
222,2026-09-25,GAMMA_BAL,TRADE,MARUTI,,-3000,1794.4023,5383206.9,,SELL 3000 MARUTI @ 1794.4023
223,2026-09-25,GAMMA_BAL,TRADE,INFY,,-2000,1794.0698,3588139.6,,SELL 2000 INFY @ 1794.0698
224,2026-09-28,ALPHA_EQ,TRADE,RELIANCE,,-5000,1520.911,7604555.0,,SELL 5000 RELIANCE @ 1520.911
225,2026-09-28,ALPHA_EQ,TRADE,ICICIBANK,,-400,1285.0699,514027.96,,SELL 400 ICICIBANK @ 1285.0699
226,2026-09-28,BETA_DEBT,SUBSCRIPTION,Ananya Gupta,21174.2138,,,217903.52,10.291,Subscription by Ananya Gupta (AANJG3456F)
227,2026-09-28,BETA_DEBT,TRADE,NCD-REL,,100,976.7581,-97675.81,,BUY 100 NCD-REL @ 976.7581
228,2026-09-28,BETA_DEBT,TRADE,SDL-MH-32,,1500,102.5166,-153774.9,,BUY 1500 SDL-MH-32 @ 102.5166
229,2026-09-28,GAMMA_BAL,SUBSCRIPTION,Vikram Reddy,15550.2924,,,150013.03,9.647,Subscription by Vikram Reddy (AVBRS7890E)
230,2026-09-28,GAMMA_BAL,TRADE,LT,,-300,2334.8591,700457.73,,SELL 300 LT @ 2334.8591
231,2026-09-28,GAMMA_BAL,TRADE,GOI7.26-36,,-1000,103.2403,103240.3,,SELL 1000 GOI7.26-36 @ 103.2403
232,2026-09-29,ALPHA_EQ,SUBSCRIPTION,Ananya Gupta,9839.5698,,,95871.99,9.7435,Subscription by Ananya Gupta (AANJG3456F)
233,2026-09-29,ALPHA_EQ,TRADE,HDFCBANK,,-7000,1700.5988,11904191.6,,SELL 7000 HDFCBANK @ 1700.5988
234,2026-09-29,ALPHA_EQ,TRADE,ITC,,-3000,478.3137,1434941.1,,SELL 3000 ITC @ 478.3137
235,2026-09-29,BETA_DEBT,REDEMPTION,Vikram Reddy,-13497.4924,,,-139502.63,10.3354,Redemption by Vikram Reddy (AVBRS7890E)
236,2026-09-29,BETA_DEBT,TRADE,GOI7.26-36,,-700,102.7902,71953.14,,SELL 700 GOI7.26-36 @ 102.7902
237,2026-09-29,BETA_DEBT,TRADE,GOI8.2-33,,-1000,109.5293,109529.3,,SELL 1000 GOI8.2-33 @ 109.5293
238,2026-09-29,BETA_DEBT,TRADE,CP-TATA,,-300,100.3522,30105.66,,SELL 300 CP-TATA @ 100.3522
239,2026-09-29,GAMMA_BAL,SUBSCRIPTION,Rahul Mehta,30928.9181,,,298683.61,9.6571,Subscription by Rahul Mehta (ACARM6789C)
240,2026-09-29,GAMMA_BAL,TRADE,INFY,,-800,1857.1866,1485749.28,,SELL 800 INFY @ 1857.1866
241,2026-09-30,ALPHA_EQ,SUBSCRIPTION,Meera Joshi,42601.6727,,,415127.37,9.7444,Subscription by Meera Joshi (MMJMJ7890K)
242,2026-09-30,ALPHA_EQ,TRADE,ICICIBANK,,800,1304.1745,-1043339.6,,BUY 800 ICICIBANK @ 1304.1745
243,2026-09-30,ALPHA_EQ,TRADE,INFY,,200,1882.3827,-376476.54,,BUY 200 INFY @ 1882.3827
244,2026-09-30,ALPHA_EQ,TRADE,RELIANCE,,-700,1504.4889,1053142.23,,SELL 700 RELIANCE @ 1504.4889
245,2026-09-30,BETA_DEBT,SUBSCRIPTION,Ananya Gupta,42621.1074,,,441325.03,10.3546,Subscription by Ananya Gupta (AANJG3456F)
246,2026-09-30,BETA_DEBT,TRADE,NCD-REL,,-1200,981.3765,1177651.8,,SELL 1200 NCD-REL @ 981.3765
247,2026-09-30,GAMMA_BAL,SUBSCRIPTION,Vikram Reddy,18071.3095,,,174076.78,9.6328,Subscription by Vikram Reddy (AVBRS7890E)
248,2026-09-30,GAMMA_BAL,TRADE,HDFCBANK,,-8000,1711.0314,13688251.2,,SELL 8000 HDFCBANK @ 1711.0314
249,2026-10-01,ALPHA_EQ,REDEMPTION,Karan Singh,-20529.6349,,,-202379.9,9.8579,Redemption by Karan Singh (AKLSG4567G)
250,2026-10-01,ALPHA_EQ,SUBSCRIPTION,Vikram Reddy,40740.0582,,,401613.04,9.8579,Subscription by Vikram Reddy (AVBRS7890E)
251,2026-10-01,ALPHA_EQ,TRADE,INFY,,1000,1904.6668,-1904666.8,,BUY 1000 INFY @ 1904.6668
252,2026-10-01,ALPHA_EQ,TRADE,HDFCBANK,,-100,1738.5786,173857.86,,SELL 100 HDFCBANK @ 1738.5786
253,2026-10-01,ALPHA_EQ,TRADE,ICICIBANK,,4000,1325.6121,-5302448.4,,BUY 4000 ICICIBANK @ 1325.6121
254,2026-10-01,BETA_DEBT,TRADE,GOI8.2-33,,-100,109.2471,10924.71,,SELL 100 GOI8.2-33 @ 109.2471
255,2026-10-01,BETA_DEBT,TRADE,GOI8.2-33,,-2000,109.1372,218274.4,,SELL 2000 GOI8.2-33 @ 109.1372
256,2026-10-01,GAMMA_BAL,REDEMPTION,Ananya Gupta,-8105.7787,,,-77691.53,9.5847,Redemption by Ananya Gupta (AANJG3456F)
257,2026-10-01,GAMMA_BAL,SUBSCRIPTION,Priya Nair,23923.2453,,,229297.35,9.5847,Subscription by Priya Nair (ABCPN5678B)
258,2026-10-01,GAMMA_BAL,TRADE,LT,,-500,2348.8796,1174439.8,,SELL 500 LT @ 2348.8796
259,2026-10-01,GAMMA_BAL,TRADE,INFY,,-400,1903.7306,761492.24,,SELL 400 INFY @ 1903.7306
260,2026-10-02,ALPHA_EQ,REDEMPTION,Rahul Mehta,-11700.547,,,-114108.43,9.7524,Redemption by Rahul Mehta (ACARM6789C)
261,2026-10-02,ALPHA_EQ,SUBSCRIPTION,Rahul Mehta,49940.2722,,,487037.57,9.7524,Subscription by Rahul Mehta (ACARM6789C)
262,2026-10-02,ALPHA_EQ,TRADE,RELIANCE,,-7000,1513.0143,10591100.1,,SELL 7000 RELIANCE @ 1513.0143
263,2026-10-02,ALPHA_EQ,TRADE,INFY,,8000,1877.6957,-15021565.6,,BUY 8000 INFY @ 1877.6957
264,2026-10-02,BETA_DEBT,REDEMPTION,Meera Joshi,-40813.5373,,,-425783.97,10.4324,Redemption by Meera Joshi (MMJMJ7890K)
265,2026-10-02,BETA_DEBT,TRADE,NCD-REL,,-4000,979.3253,3917301.2,,SELL 4000 NCD-REL @ 979.3253
266,2026-10-02,BETA_DEBT,TRADE,CP-TATA,,-2000,100.5408,201081.6,,SELL 2000 CP-TATA @ 100.5408
267,2026-10-02,GAMMA_BAL,REDEMPTION,Aarav Sharma,-32548.9303,,,-314031.11,9.648,Redemption by Aarav Sharma (AAAPS1234A)
268,2026-10-02,GAMMA_BAL,SUBSCRIPTION,Meera Joshi,34851.5597,,,336246.81,9.648,Subscription by Meera Joshi (MMJMJ7890K)
269,2026-10-02,GAMMA_BAL,TRADE,INFY,,1000,1876.7446,-1876744.6,,BUY 1000 INFY @ 1876.7446
270,2026-10-02,GAMMA_BAL,TRADE,MARUTI,,3000,1706.3823,-5119146.9,,BUY 3000 MARUTI @ 1706.3823
271,2026-10-02,GAMMA_BAL,TRADE,SDL-MH-32,,-800,103.8684,83094.72,,SELL 800 SDL-MH-32 @ 103.8684
272,2026-10-05,ALPHA_EQ,SUBSCRIPTION,Karan Singh,47588.2207,,,467021.97,9.8138,Subscription by Karan Singh (AKLSG4567G)
273,2026-10-05,ALPHA_EQ,TRADE,ITC,,6000,474.8746,-2849247.6,,BUY 6000 ITC @ 474.8746
274,2026-10-05,BETA_DEBT,SUBSCRIPTION,Arjun Patel,46467.6193,,,484828.51,10.4337,Subscription by Arjun Patel (APAPL6789I)
275,2026-10-05,BETA_DEBT,TRADE,SDL-MH-32,,-1000,104.0229,104022.9,,SELL 1000 SDL-MH-32 @ 104.0229
276,2026-10-05,BETA_DEBT,TRADE,GOI7.26-36,,-7000,103.1519,722063.3,,SELL 7000 GOI7.26-36 @ 103.1519
277,2026-10-05,BETA_DEBT,TRADE,SDL-MH-32,,400,104.241,-41696.4,,BUY 400 SDL-MH-32 @ 104.241
278,2026-10-05,GAMMA_BAL,SUBSCRIPTION,Arjun Patel,16873.3799,,,161436.13,9.5675,Subscription by Arjun Patel (APAPL6789I)
279,2026-10-05,GAMMA_BAL,TRADE,SDL-MH-32,,-3000,104.0503,312150.9,,SELL 3000 SDL-MH-32 @ 104.0503
280,2026-10-05,GAMMA_BAL,TRADE,LT,,500,2303.5486,-1151774.3,,BUY 500 LT @ 2303.5486
281,2026-10-05,GAMMA_BAL,TRADE,GOI7.26-36,,200,103.2553,-20651.06,,BUY 200 GOI7.26-36 @ 103.2553
282,2026-10-06,ALPHA_EQ,REDEMPTION,Ananya Gupta,-23280.9358,,,-228359.18,9.8088,Redemption by Ananya Gupta (AANJG3456F)
283,2026-10-06,ALPHA_EQ,SUBSCRIPTION,Priya Nair,44455.1124,,,436053.47,9.8088,Subscription by Priya Nair (ABCPN5678B)
284,2026-10-06,ALPHA_EQ,TRADE,HDFCBANK,,-600,1724.0345,1034420.7,,SELL 600 HDFCBANK @ 1724.0345
285,2026-10-06,ALPHA_EQ,TRADE,HDFCBANK,,3000,1720.8348,-5162504.4,,BUY 3000 HDFCBANK @ 1720.8348
286,2026-10-06,BETA_DEBT,REDEMPTION,Karan Singh,-35075.5706,,,-370466.06,10.5619,Redemption by Karan Singh (AKLSG4567G)
287,2026-10-06,BETA_DEBT,SUBSCRIPTION,Deepa Kulkarni,20915.5453,,,220908.73,10.5619,Subscription by Deepa Kulkarni (DKDKL5678H)
288,2026-10-06,BETA_DEBT,TRADE,NCD-REL,,-800,979.5924,783673.92,,SELL 800 NCD-REL @ 979.5924
289,2026-10-06,GAMMA_BAL,SUBSCRIPTION,Sneha Iyer,50938.5954,,,488346.36,9.587,Subscription by Sneha Iyer (ADSIS2345D)
290,2026-10-06,GAMMA_BAL,TRADE,GOI7.26-36,,1000,103.1763,-103176.3,,BUY 1000 GOI7.26-36 @ 103.1763
291,2026-10-06,GAMMA_BAL,TRADE,INFY,,-600,1990.2334,1194140.04,,SELL 600 INFY @ 1990.2334
